episode,global_step,reward,avg10,length,success,goal_touched,collision,timeout,min_dist,avg_speed_ms,end_reason,elapsed_s,act0_mean,act0_std,act0_min,act0_max,act1_mean,act1_std,act1_min,act1_max,obs_mean,obs_std,obs_min,obs_max,actor_loss,critic_loss,policy_entropy,entropy_coef,value_residual,grad_norm_actor,grad_norm_critic,lr_actor,lr_critic,alpha,alpha_loss,target_update_magnitude,replay_buffer_size,recurrent_cell
1,3764,-256.4583,-256.4583,3764,0,0,1,0,0.9819,1.861,collision,16.0,0.048787,0.42991,-0.872914,0.876209,3.13494,1.442045,0.03265,5.921629,0.463303,0.442639,-0.737649,1.0,,,,,,,,,,,,,0,gru
2,7131,-545.8744,-401.1663,3367,0,0,1,0,2.2495,1.879,collision,32.5,0.040892,0.422546,-0.877267,0.880168,3.105541,1.396739,0.101663,5.92529,0.463319,0.446528,-0.652286,1.006626,,,,,,,,,,,,,0,gru
3,11071,-523.6473,-441.9933,3940,0,0,1,0,1.3379,1.866,collision,43.8,0.048288,0.430151,-0.874938,0.875076,3.090756,1.424176,0.021604,5.934566,0.462371,0.446312,-0.754802,1.0,,,,,,,,,,,,,0,gru
4,14899,-248.1552,-393.5338,3828,0,0,1,0,0.9586,1.861,collision,57.0,0.05002,0.42876,-0.844282,0.878204,3.135374,1.428922,0.054054,5.917665,0.458889,0.448717,-0.75446,1.0,0.039115,1.895852,2.179415,0.009999,1.894314,0.069195,0.444224,0.000185,,,,,0,gru
5,17111,-469.4488,-408.7168,2212,0,0,1,0,3.187,1.897,collision,63.8,0.069602,0.416864,-0.872395,0.888134,3.173246,1.407808,0.078257,5.892384,0.425197,0.472314,-1.0,1.0,,,,,,,,,,,,,0,gru
6,20738,-570.3928,-435.6628,3627,0,0,1,0,1.8101,1.899,collision,74.3,0.065582,0.426249,-0.890109,0.890976,3.236786,1.40457,0.028679,5.926342,0.452564,0.457933,-0.801709,1.0,,,,,,,,,,,,,0,gru
7,24738,-251.481,-409.3511,4000,0,0,0,1,1.0401,1.9,max_steps,86.4,0.06981,0.427804,-0.876435,0.881418,3.266657,1.414879,0.126628,5.973226,0.455073,0.468494,-0.766388,1.002781,,,,,,,,,,,,,0,gru
8,27428,-478.7787,-418.0296,2690,0,0,1,0,2.696,1.896,collision,96.3,0.038238,0.424689,-0.877644,0.869828,3.224142,1.428756,0.173949,5.951102,0.451534,0.452391,-0.772349,1.0,0.029363,1.658171,2.179152,0.009996,1.634208,0.23955,0.905728,0.000245,,,,,0,gru
9,30712,-539.3753,-431.5124,3284,0,0,1,0,2.1411,1.877,collision,106.8,0.05981,0.43071,-0.880801,0.884203,3.20681,1.42631,0.019639,5.912364,0.453482,0.455821,-0.844996,1.0,,,,,,,,,,,,,0,gru
10,34402,549.7217,-333.389,3690,1,1,0,0,0.2842,1.906,goal,117.3,0.06164,0.422925,-0.84718,0.877735,3.235328,1.414751,0.056156,5.961968,0.455378,0.471582,-0.97457,1.0,,,,,,,,,,,,,0,gru
11,38303,-404.6726,-348.2104,3901,0,0,1,0,1.1827,1.894,collision,128.9,0.046913,0.428929,-0.872397,0.887635,3.222332,1.425266,0.088826,5.936604,0.454612,0.455229,-0.705579,1.001672,,,,,,,,,,,,,0,gru
12,42066,-593.4374,-352.9667,3763,0,0,1,0,1.9248,1.864,collision,142.1,0.055032,0.432962,-0.86922,0.875164,3.17607,1.435328,0.091838,5.967291,0.458674,0.452567,-0.706119,1.005583,-0.028407,2.439111,2.169767,0.009994,2.070808,0.276109,1.11405,0.000305,,,,,0,gru
13,44977,-500.117,-350.6137,2911,0,0,1,0,2.4158,1.915,collision,150.7,0.105578,0.425101,-0.869038,0.880991,3.384892,1.417607,0.125347,5.939514,0.443001,0.466674,-1.0,1.006042,,,,,,,,,,,,,0,gru
14,47085,-526.1594,-378.4141,2108,0,0,1,0,3.4357,1.932,collision,156.8,0.107995,0.417763,-0.856326,0.87074,3.382033,1.382831,0.139642,5.938363,0.388129,0.503151,-0.999999,1.106215,,,,,,,,,,,,,0,gru
15,50279,-551.759,-386.6451,3194,0,0,1,0,2.1816,1.895,collision,166.4,0.108855,0.433761,-0.875302,0.883413,3.379765,1.416502,0.051467,5.913724,0.421229,0.483082,-1.0,1.007979,,,,,,,,,,,,,0,gru
16,52826,-534.3072,-383.0366,2547,0,0,1,0,2.8554,1.911,collision,175.2,0.123213,0.425494,-0.842911,0.881755,3.404286,1.407991,0.130649,5.955951,0.40728,0.489977,-1.0,1.007031,0.030888,2.024105,2.14744,0.009992,1.798322,0.632297,2.157838,0.000365,,,,,0,gru
17,55773,-498.561,-407.7446,2947,0,0,1,0,2.3777,1.904,collision,184.3,0.088547,0.424318,-0.857604,0.887968,3.338819,1.418249,0.174606,5.884115,0.452471,0.456618,-0.924143,1.0,,,,,,,,,,,,,0,gru
18,59674,-42.2799,-364.0947,3901,0,0,1,0,0.6094,1.899,collision,195.9,0.076708,0.429564,-0.857498,0.874529,3.288448,1.422641,0.121629,5.938635,0.444592,0.461244,-0.89502,1.0,,,,,,,,,,,,,0,gru
19,63674,-504.204,-360.5776,4000,0,0,0,1,1.4349,1.899,max_steps,207.9,0.090326,0.431308,-0.868424,0.889274,3.32113,1.402049,0.153587,5.911635,0.442653,0.477049,-1.0,1.000723,,,,,,,,,,,,,0,gru
20,66586,-533.2563,-468.8754,2912,0,0,1,0,2.3697,1.893,collision,218.2,0.104743,0.425786,-0.863204,0.878126,3.305737,1.421314,0.058124,5.936677,0.418229,0.48215,-1.0,1.0,0.028337,1.715878,2.166497,0.009989,1.527057,0.725396,1.231019,0.000425,,,,,0,gru
21,70474,-79.4851,-436.3566,3888,0,0,1,0,0.3966,1.912,collision,229.9,0.050886,0.428265,-0.87596,0.869509,3.305667,1.407745,0.124964,5.959251,0.440192,0.47148,-1.0,1.0,,,,,,,,,,,,,0,gru
22,73970,-556.9359,-432.7065,3496,0,0,1,0,1.9424,1.91,collision,240.8,0.072042,0.425766,-0.885069,0.872541,3.354906,1.414764,0.124357,5.916584,0.454463,0.45571,-0.773988,1.0,,,,,,,,,,,,,0,gru
23,76740,-486.034,-431.2982,2770,0,0,1,0,2.5393,1.911,collision,249.2,0.077806,0.428217,-0.872563,0.886707,3.325386,1.399145,0.133014,5.956611,0.450757,0.457194,-0.922342,1.0,,,,,,,,,,,,,0,gru
24,79465,-487.3987,-427.4221,2725,0,0,1,0,2.6394,1.912,collision,259.5,0.078324,0.432789,-0.862532,0.868626,3.368704,1.411764,0.078362,5.9395,0.446692,0.462411,-0.985003,1.007311,0.035418,1.738182,2.171639,0.009987,1.509391,0.453264,1.272923,0.000485,,,,,0,gru
25,83465,-489.8799,-421.2342,4000,0,0,0,1,1.4,1.885,max_steps,271.6,0.086606,0.433735,-0.869973,0.885556,3.243581,1.415502,0.067881,5.899113,0.44928,0.470269,-1.0,1.006869,,,,,,,,,,,,,0,gru
26,87277,-597.0545,-427.5089,3812,0,0,1,0,1.5232,1.9,collision,283.0,0.096366,0.421227,-0.866121,0.870563,3.2332,1.396996,0.099462,5.89088,0.424855,0.48288,-1.0,1.0,,,,,,,,,,,,,0,gru
27,89522,-542.8924,-431.9421,2245,0,0,1,0,3.3327,1.897,collision,289.5,0.137933,0.41971,-0.870194,0.87847,3.33719,1.414052,0.118109,5.874715,0.388838,0.499685,-1.0,1.085115,,,,,,,,,,,,,0,gru
28,92028,-494.1963,-477.1337,2506,0,0,1,0,2.7669,1.9,collision,298.8,0.111951,0.418266,-0.848718,0.880867,3.279993,1.452084,0.080567,5.95507,0.425804,0.473041,-1.0,1.0,0.034003,1.460543,2.164088,0.009984,1.241974,0.574221,1.692576,0.0005,,,,,0,gru
29,94524,-541.6489,-480.8782,2496,0,0,1,0,2.995,1.913,collision,306.0,0.133506,0.410586,-0.853929,0.874493,3.375912,1.435234,0.024576,5.951563,0.402799,0.491101,-1.0,1.000072,,,,,,,,,,,,,0,gru
30,97052,-551.1419,-482.6668,2528,0,0,1,0,2.9755,1.911,collision,313.6,0.134756,0.416102,-0.867093,0.885319,3.393171,1.436607,0.146667,5.92604,0.39835,0.491617,-1.0,1.0,,,,,,,,,,,,,0,gru
31,100799,-618.253,-536.5436,3747,0,0,1,0,1.711,1.889,collision,324.8,0.116133,0.425213,-0.883906,0.876317,3.276721,1.423827,0.055266,5.934186,0.413738,0.490018,-1.0,1.003991,,,,,,,,,,,,,0,gru
32,104183,-551.828,-536.0328,3384,0,0,1,0,1.8836,1.887,collision,336.0,0.118563,0.427116,-0.880994,0.877253,3.269479,1.408463,0.118311,5.940945,0.42622,0.478318,-1.0,1.0,0.037368,1.527043,2.152443,0.009982,1.217073,0.32509,1.643317,0.0005,,,,,0,gru
33,107472,-528.7527,-540.3046,3289,0,0,1,0,2.0747,1.88,collision,345.9,0.078122,0.432381,-0.882317,0.88636,3.200665,1.419386,0.032308,5.938582,0.458458,0.454829,-0.988464,1.0,,,,,,,,,,,,,0,gru
34,111472,-473.9784,-538.9626,4000,0,0,0,1,1.3144,1.888,max_steps,358.3,0.082781,0.427973,-0.873318,0.881633,3.224671,1.42481,0.087194,5.965064,0.437191,0.471927,-1.0,1.0,,,,,,,,,,,,,0,gru
35,115472,-464.0835,-536.383,4000,0,0,0,1,1.3498,1.885,max_steps,370.6,0.072916,0.42423,-0.864018,0.887908,3.197497,1.411234,0.07136,5.926335,0.460182,0.457382,-0.923466,1.005654,,,,,,,,,,,,,0,gru
36,119200,-116.1657,-488.2941,3728,0,0,1,0,0.7379,1.882,collision,383.8,0.053489,0.434267,-0.856193,0.871945,3.176834,1.398691,0.094267,5.951251,0.457101,0.447452,-0.836558,1.0,0.030796,1.335501,2.176136,0.00998,0.89291,0.468547,0.751269,0.0005,,,,,0,gru
37,122714,-554.2513,-489.43,3514,0,0,1,0,1.7752,1.876,collision,394.0,0.092471,0.435163,-0.872574,0.886214,3.229677,1.41845,0.13226,5.964015,0.443147,0.466431,-1.0,1.0,,,,,,,,,,,,,0,gru
38,125109,-618.0424,-501.8146,2395,0,0,1,0,3.4894,1.882,collision,401.3,0.141226,0.423759,-0.858285,0.8785,3.296801,1.42534,0.083843,5.955785,0.37232,0.513012,-1.0,1.211738,,,,,,,,,,,,,0,gru
39,127937,-502.4526,-497.8949,2828,0,0,1,0,2.4805,1.869,collision,409.5,0.099646,0.432855,-0.837549,0.874151,3.194804,1.418022,0.144911,5.946217,0.442794,0.465054,-1.0,1.0,,,,,,,,,,,,,0,gru
40,131935,-176.9044,-460.4712,3998,0,0,1,0,0.818,1.88,collision,423.1,0.069012,0.43404,-0.867993,0.872337,3.195544,1.400964,0.094667,5.929564,0.450451,0.459473,-0.78882,1.011979,0.041047,1.589146,2.168724,0.009977,1.158309,0.442965,1.19414,0.0005,,,,,0,gru
41,135935,-50.3889,-403.6848,4000,0,0,0,1,0.7394,1.865,max_steps,435.4,0.071971,0.439344,-0.885,0.889925,3.200539,1.421051,0.097548,5.943983,0.457601,0.467756,-0.793222,1.002935,,,,,,,,,,,,,0,gru
42,139895,-306.733,-379.1753,3960,0,0,1,0,1.0064,1.859,collision,446.7,0.064799,0.436446,-0.870027,0.875526,3.186215,1.440873,0.088808,5.981454,0.448485,0.458263,-0.822491,1.0,,,,,,,,,,,,,0,gru
43,143895,-218.7345,-348.1735,4000,0,0,0,1,0.9928,1.874,max_steps,458.0,0.06525,0.433977,-0.867794,0.87771,3.17928,1.413627,0.063408,5.885768,0.452787,0.461086,-0.800563,1.001734,,,,,,,,,,,,,0,gru
44,146363,-521.9124,-352.9669,2468,0,0,1,0,2.9719,1.88,collision,467.1,0.110426,0.432945,-0.880147,0.887624,3.305816,1.420123,0.142428,5.9512,0.412065,0.484058,-0.999998,1.0,0.029843,1.127788,2.179547,0.009975,0.821809,0.336118,0.676851,0.0005,,,,,0,gru
45,150284,-518.4551,-358.404,3921,0,0,1,0,1.3619,1.889,collision,478.1,0.061778,0.431916,-0.878842,0.867753,3.236772,1.417752,0.112501,5.926136,0.45908,0.450225,-0.744449,1.0,,,,,,,,,,,,,0,gru
46,154095,-359.6771,-382.7552,3811,0,0,1,0,1.1323,1.883,collision,489.0,0.047081,0.430567,-0.889606,0.88908,3.212966,1.425815,0.090748,5.912349,0.45998,0.447379,-0.690697,1.0,,,,,,,,,,,,,0,gru
47,157942,38.581,-323.4719,3847,0,0,1,0,0.4017,1.879,collision,500.1,0.048221,0.430475,-0.880114,0.880466,3.191131,1.430782,0.049272,5.930771,0.454708,0.455066,-0.817582,1.0,,,,,,,,,,,,,0,gru
48,161703,-411.0892,-302.7766,3761,0,0,1,0,1.2482,1.891,collision,512.7,0.039607,0.427972,-0.869103,0.876485,3.20296,1.409931,0.081477,5.967734,0.464493,0.444089,-0.552225,1.0,0.064286,1.470405,2.194597,0.009972,1.074062,0.276221,0.627419,0.0005,,,,,0,gru
49,165119,-551.2909,-307.6605,3416,0,0,1,0,2.1169,1.862,collision,522.4,0.052411,0.437795,-0.871927,0.870065,3.147706,1.42183,0.038274,5.946508,0.460475,0.448572,-0.695646,1.0,,,,,,,,,,,,,0,gru
50,168306,-529.6538,-342.9354,3187,0,0,1,0,2.3185,1.876,collision,531.6,0.057863,0.431301,-0.880408,0.874563,3.202882,1.440229,0.106284,5.912195,0.459894,0.450017,-0.777904,1.0,,,,,,,,,,,,,0,gru
51,171732,631.1713,-274.7794,3426,1,1,0,0,0.2856,1.875,goal,541.4,0.033433,0.440774,-0.878747,0.874924,3.232018,1.425793,0.06523,5.92585,0.469473,0.456705,-0.965933,1.0,,,,,,,,,,,,,0,gru
52,174796,726.307,-171.4754,3064,1,1,0,0,0.2989,1.893,goal,551.6,0.022932,0.433024,-0.851521,0.885891,3.2465,1.424044,0.112147,5.941478,0.498007,0.441417,-0.309029,1.0,-0.0344,3.4274,2.191863,0.00997,2.613513,0.152889,1.124704,0.0005,,,,,0,gru
53,178716,-613.2677,-210.9287,3920,0,0,1,0,1.9713,1.882,collision,563.4,0.030308,0.439305,-0.870614,0.891082,3.226336,1.408241,0.058271,5.917272,0.463878,0.442404,-0.624751,1.001971,,,,,,,,,,,,,0,gru
54,182389,-18.3804,-160.5755,3673,0,0,1,0,0.4622,1.883,collision,574.4,0.029117,0.435309,-0.875926,0.881912,3.231829,1.429187,0.093499,5.897263,0.446875,0.45975,-1.0,1.0,,,,,,,,,,,,,0,gru
55,186236,-556.0712,-164.3371,3847,0,0,1,0,1.5691,1.902,collision,586.0,0.027258,0.436107,-0.871247,0.871281,3.318953,1.417567,0.091011,5.922175,0.472341,0.438107,-0.589753,1.0,,,,,,,,,,,,,0,gru
56,190053,-523.3396,-180.7033,3817,0,0,1,0,1.4697,1.904,collision,599.4,0.018938,0.427194,-0.884816,0.877396,3.288691,1.425988,0.079186,5.961611,0.475006,0.435313,-0.490051,1.009281,0.037438,1.218815,2.191569,0.009968,0.770144,0.353298,0.5457,0.0005,,,,,0,gru
57,193845,-211.5284,-205.7143,3792,0,0,1,0,0.7164,1.874,collision,610.3,0.027639,0.437272,-0.876652,0.890821,3.223169,1.42606,0.080689,5.9424,0.44455,0.464669,-1.0,1.0,,,,,,,,,,,,,0,gru
58,197551,-225.0768,-187.113,3706,0,0,1,0,0.903,1.874,collision,620.7,0.018989,0.438234,-0.869352,0.862559,3.181078,1.427676,0.086568,5.936041,0.476858,0.430519,-0.529708,1.0,,,,,,,,,,,,,0,gru
59,201227,-74.7814,-139.4621,3676,0,0,1,0,0.6689,1.877,collision,631.4,0.0335,0.437079,-0.864456,0.873002,3.201258,1.418885,0.042317,5.92013,0.467162,0.43814,-0.745176,1.0,,,,,,,,,,,,,0,gru
60,204541,-544.1468,-140.9114,3314,0,0,1,0,2.1314,1.852,collision,642.9,0.070698,0.435818,-0.866582,0.886003,3.097322,1.431682,0.066432,5.909578,0.455125,0.455162,-0.921266,1.0,0.038955,1.538925,2.200197,0.009965,1.063823,0.349421,0.521812,0.0005,,,,,0,gru
61,208438,-426.5124,-246.6798,3897,0,0,1,0,1.1993,1.869,collision,653.6,0.058818,0.43382,-0.87724,0.882682,3.15794,1.42056,0.080479,5.96543,0.455976,0.447172,-0.870257,1.0,,,,,,,,,,,,,0,gru
62,212079,-4.0318,-319.7136,3641,0,0,1,0,0.4066,1.862,collision,664.0,0.025816,0.4381,-0.867192,0.885713,3.156383,1.418527,0.112426,5.909012,0.447291,0.460364,-1.0,1.0,,,,,,,,,,,,,0,gru
63,215377,615.8384,-196.803,3298,1,1,0,0,0.2739,1.858,goal,673.4,0.041565,0.438285,-0.877396,0.870571,3.155046,1.419208,0.088613,5.939098,0.485372,0.456562,-0.53205,1.002263,,,,,,,,,,,,,0,gru
64,219277,-382.6966,-233.2346,3900,0,0,1,0,1.0919,1.86,collision,686.3,0.045319,0.445227,-0.868119,0.893355,3.157239,1.411667,0.094305,5.955558,0.440274,0.471494,-1.0,1.0,-0.025742,2.592973,2.196283,0.009963,1.894156,0.238473,0.567894,0.0005,,,,,0,gru
65,223277,-519.793,-229.6068,4000,0,0,0,1,1.6517,1.851,max_steps,697.9,0.063714,0.437356,-0.863111,0.879629,3.092169,1.408312,0.077819,5.927901,0.45767,0.451501,-0.786577,1.0,,,,,,,,,,,,,0,gru
66,225991,-519.4983,-229.2227,2714,0,0,1,0,2.7265,1.809,collision,705.4,0.116962,0.422638,-0.859678,0.888379,2.956603,1.429596,0.053182,5.89048,0.429302,0.47186,-1.0,1.005396,,,,,,,,,,,,,0,gru
67,229991,-505.3026,-258.6001,4000,0,0,0,1,1.492,1.838,max_steps,716.7,0.073117,0.436852,-0.889368,0.893603,3.083184,1.427547,0.104049,5.955351,0.455904,0.460474,-0.782885,1.0,,,,,,,,,,,,,0,gru
68,232557,-560.0927,-292.1017,2566,0,0,1,0,3.0228,1.787,collision,725.8,0.128163,0.427651,-0.848778,0.877607,2.901458,1.432392,0.059271,5.882276,0.40315,0.488739,-1.0,1.0,0.033354,0.784981,2.187142,0.00996,0.578593,0.297382,0.679235,0.0005,,,,,0,gru
69,234635,-561.6198,-340.7856,2078,0,0,1,0,3.5992,1.803,collision,731.6,0.139278,0.420736,-0.875288,0.888488,2.974147,1.453419,0.143419,5.942284,0.369941,0.516665,-1.0,1.187384,,,,,,,,,,,,,0,gru
70,238532,-226.5234,-309.0232,3897,0,0,1,0,0.9106,1.857,collision,742.6,0.052423,0.431763,-0.863565,0.882007,3.129219,1.43077,0.077784,5.915872,0.457605,0.44888,-0.776732,1.000181,,,,,,,,,,,,,0,gru
71,242477,-443.3405,-310.706,3945,0,0,1,0,1.2159,1.854,collision,753.8,0.053412,0.437522,-0.868255,0.887194,3.141897,1.446586,0.04186,5.914756,0.457352,0.445163,-0.875867,1.0,,,,,,,,,,,,,0,gru
72,245740,-534.1571,-363.7186,3263,0,0,1,0,2.1043,1.832,collision,764.3,0.079291,0.442254,-0.865818,0.880962,3.054854,1.413625,0.046069,5.931235,0.453381,0.45731,-1.0,1.0,0.038883,1.10865,2.19403,0.009958,0.875454,0.413288,0.750023,0.0005,,,,,0,gru
73,249740,-94.5852,-434.7609,4000,0,0,0,1,0.8281,1.851,max_steps,775.7,0.067588,0.430104,-0.865249,0.885991,3.104558,1.447309,0.137384,5.926482,0.453948,0.459706,-0.79722,1.009098,,,,,,,,,,,,,0,gru
74,253161,-550.593,-451.5506,3421,0,0,1,0,1.9591,1.819,collision,785.5,0.092672,0.443006,-0.872784,0.883501,3.04852,1.432134,0.079469,5.927102,0.446924,0.463083,-0.999999,1.0,,,,,,,,,,,,,0,gru
75,257053,-272.5378,-426.825,3892,0,0,1,0,0.9846,1.869,collision,796.5,0.05545,0.43907,-0.874634,0.887467,3.165874,1.411117,0.105695,5.933889,0.450577,0.455282,-0.810139,1.0,,,,,,,,,,,,,0,gru
76,260897,-596.5974,-434.535,3844,0,0,1,0,1.8111,1.839,collision,809.2,0.064527,0.436602,-0.880001,0.881833,3.070534,1.425841,0.10405,5.949721,0.459575,0.451779,-0.820393,1.0,0.036254,0.962679,2.192149,0.009956,0.744952,0.315286,0.518713,0.0005,,,,,0,gru
77,263872,-534.6945,-437.4741,2975,0,0,1,0,2.3438,1.841,collision,817.8,0.112553,0.436889,-0.83465,0.87304,3.079087,1.410595,0.151563,5.932956,0.427818,0.471997,-1.0,1.0,,,,,,,,,,,,,0,gru
78,267772,-542.6646,-435.7313,3900,0,0,1,0,1.4417,1.862,collision,829.0,0.047174,0.438262,-0.869829,0.882984,3.174107,1.428959,0.062832,5.926446,0.460953,0.448064,-0.695781,1.0,,,,,,,,,,,,,0,gru
79,271632,-394.5826,-419.0276,3860,0,0,1,0,1.2046,1.87,collision,840.0,0.02946,0.437642,-0.893947,0.881465,3.158624,1.422145,0.083211,5.937776,0.46643,0.444962,-0.508968,1.009278,,,,,,,,,,,,,0,gru
80,275201,-841.2856,-480.5038,3569,0,0,1,0,3.1073,1.809,collision,851.6,0.160785,0.428343,-0.855516,0.887301,3.031096,1.441715,0.06837,5.937757,0.340892,0.504812,-1.0,1.177125,0.037795,1.025836,2.200618,0.009953,0.789991,0.37049,0.685467,0.0005,,,,,0,gru
81,279051,70.7621,-429.0936,3850,0,0,1,0,0.3843,1.87,collision,862.7,0.054417,0.431996,-0.887573,0.888557,3.191109,1.440268,0.094907,5.952656,0.449688,0.455785,-0.912525,1.0,,,,,,,,,,,,,0,gru
82,282965,-89.1248,-384.5903,3914,0,0,1,0,0.4204,1.845,collision,873.9,0.051892,0.441381,-0.885633,0.885762,3.1226,1.447356,0.056446,5.958572,0.439652,0.470825,-1.0,1.0,,,,,,,,,,,,,0,gru
83,286525,488.9416,-326.2376,3560,1,1,0,0,0.2395,1.853,goal,884.0,0.056075,0.437246,-0.878874,0.885442,3.138962,1.440042,0.105036,5.883688,0.47327,0.46825,-0.678551,1.001307,,,,,,,,,,,,,0,gru
84,289888,621.5712,-209.0212,3363,1,1,0,0,0.2798,1.855,goal,895.8,0.051577,0.443152,-0.873696,0.885205,3.159806,1.423479,0.084416,5.964735,0.477117,0.465775,-0.686208,1.0,-0.02858,3.272169,2.203916,0.009951,2.477257,0.21682,0.806468,0.0005,,,,,0,gru
85,292247,-606.3618,-242.4036,2359,0,0,1,0,3.4857,1.762,collision,903.1,0.130228,0.431828,-0.874384,0.892035,2.869224,1.456852,0.064399,5.919708,0.377393,0.509172,-1.0,1.15855,,,,,,,,,,,,,0,gru
86,295389,-541.9204,-236.9359,3142,0,0,1,0,2.2833,1.789,collision,912.5,0.106082,0.430188,-0.847103,0.879487,2.904644,1.456694,0.085576,5.879752,0.441909,0.465488,-0.999999,1.003046,,,,,,,,,,,,,0,gru
87,299389,-252.5878,-208.7253,4000,0,0,0,1,1.0394,1.832,max_steps,924.5,0.082819,0.433136,-0.860738,0.885236,3.045083,1.426685,0.088991,5.92429,0.459585,0.468569,-0.850607,1.0,,,,,,,,,,,,,0,gru
88,303389,-462.7938,-200.7382,4000,0,0,0,1,1.402,1.827,max_steps,938.3,0.060051,0.437237,-0.874041,0.879721,3.041147,1.443871,0.039692,5.930262,0.457739,0.457407,-0.707976,1.0,0.038151,0.864332,2.199705,0.009948,0.722402,0.300229,0.770518,0.0005,,,,,0,gru
89,305210,-520.9278,-213.3727,1821,0,0,1,0,3.8111,1.734,collision,943.8,0.137535,0.431936,-0.86083,0.875394,2.762867,1.44749,0.014421,5.92884,0.366586,0.512791,-1.0,1.18155,,,,,,,,,,,,,0,gru
90,307919,-622.1599,-191.4601,2709,0,0,1,0,3.1199,1.744,collision,951.3,0.143596,0.433749,-0.875243,0.884188,2.776884,1.432531,0.060435,5.949183,0.38961,0.503648,-1.0,1.069373,,,,,,,,,,,,,0,gru
91,311503,-597.7456,-258.3109,3584,0,0,1,0,1.9752,1.773,collision,961.7,0.104748,0.442933,-0.88404,0.877159,2.89253,1.4343,0.074814,5.914651,0.428451,0.479077,-1.0,1.001096,,,,,,,,,,,,,0,gru
92,315503,-524.7858,-301.877,4000,0,0,0,1,1.5935,1.809,max_steps,974.7,0.069446,0.437972,-0.892784,0.881574,2.954858,1.434398,0.082026,5.93111,0.460066,0.456917,-0.814141,1.0,0.036624,0.847281,2.19714,0.009946,0.710676,0.2309,0.832338,0.0005,,,,,0,gru
93,318209,-516.0729,-402.3785,2706,0,0,1,0,2.8043,1.749,collision,982.3,0.087486,0.441215,-0.883781,0.884426,2.807302,1.446628,0.060822,5.923514,0.439982,0.46451,-1.0,1.001886,,,,,,,,,,,,,0,gru
94,321572,632.8304,-401.2525,3363,1,1,0,0,0.2852,1.846,goal,991.8,0.072472,0.440307,-0.862539,0.878361,3.12331,1.420246,0.192961,5.940187,0.478502,0.464574,-0.619235,1.0,,,,,,,,,,,,,0,gru
95,324815,-542.2659,-394.8429,3243,0,0,1,0,2.2597,1.76,collision,1001.2,0.079091,0.45033,-0.872775,0.896509,2.852782,1.439901,0.084583,5.87487,0.452704,0.45656,-0.960429,1.0,,,,,,,,,,,,,0,gru
96,327733,-526.9563,-393.3465,2918,0,0,1,0,2.572,1.759,collision,1010.7,0.091336,0.445486,-0.875052,0.888721,2.844913,1.446408,0.042809,5.92122,0.443475,0.4635,-1.0,1.0,-0.029571,2.145351,2.203268,0.009944,1.653395,0.150038,0.748441,0.0005,,,,,0,gru
97,331733,-550.1391,-423.1017,4000,0,0,0,1,1.829,1.809,max_steps,1022.3,0.055084,0.440964,-0.88455,0.883653,2.963594,1.442989,0.0827,5.962128,0.461262,0.449175,-0.695559,1.001784,,,,,,,,,,,,,0,gru
98,334187,-558.4258,-432.6649,2454,0,0,1,0,3.2116,1.751,collision,1030.0,0.098654,0.439103,-0.855237,0.881443,2.764374,1.427032,0.081904,5.864296,0.402585,0.488855,-1.0,1.0,,,,,,,,,,,,,0,gru
99,338187,-181.8401,-398.7561,4000,0,0,0,1,0.9499,1.832,max_steps,1042.0,0.062845,0.441269,-0.886235,0.881862,3.097057,1.465639,0.093345,5.945824,0.460189,0.46516,-0.761769,1.00431,,,,,,,,,,,,,0,gru
100,342187,-348.5507,-371.3952,4000,0,0,0,1,1.1887,1.823,max_steps,1055.8,0.04877,0.440925,-0.869707,0.887,3.04093,1.446784,0.076894,5.940094,0.459712,0.44963,-0.745306,1.0,0.03666,0.737763,2.213519,0.009941,0.65195,0.325849,0.529606,0.0005,,,,,0,gru
101,346187,121.7611,-299.4445,4000,0,0,0,1,0.4451,1.83,max_steps,1067.6,0.055601,0.443743,-0.88946,0.888845,3.077157,1.456368,0.070015,5.929534,0.454197,0.454833,-0.890794,1.006743,,,,,,,,,,,,,0,gru
102,350187,-362.3075,-283.1967,4000,0,0,0,1,1.2275,1.798,max_steps,1079.2,0.046293,0.446656,-0.861411,0.885372,3.035238,1.492201,0.026758,5.953204,0.467465,0.444548,-0.695567,1.0,,,,,,,,,,,,,0,gru
103,354166,-380.4511,-269.6345,3979,0,0,1,0,1.1505,1.822,collision,1090.6,0.039651,0.441843,-0.889876,0.881975,3.028004,1.43464,0.071603,5.93531,0.460812,0.446666,-0.681901,1.0,,,,,,,,,,,,,0,gru
104,358166,-234.4401,-356.3616,4000,0,0,0,1,1.0251,1.821,max_steps,1104.2,0.059436,0.441574,-0.879489,0.880793,3.01163,1.442802,0.085621,5.988826,0.456979,0.450341,-0.774043,1.0,0.025491,0.889206,2.212319,0.009939,0.684503,0.297119,0.501447,0.0005,,,,,0,gru
105,361798,-578.7749,-360.0125,3632,0,0,1,0,2.0335,1.807,collision,1114.7,0.063586,0.438381,-0.873951,0.879292,2.974453,1.431599,0.089382,5.897928,0.461219,0.450761,-0.823612,1.0,,,,,,,,,,,,,0,gru
106,365141,659.0212,-241.4147,3343,1,1,0,0,0.2918,1.843,goal,1124.2,0.062629,0.441566,-0.885847,0.883068,3.142597,1.43913,0.083814,5.931746,0.480966,0.46229,-0.605939,1.0,,,,,,,,,,,,,0,gru
107,367543,-509.8769,-237.3885,2402,0,0,1,0,3.1519,1.761,collision,1131.2,0.073896,0.434193,-0.883969,0.871608,2.813411,1.456473,0.075788,5.850008,0.423523,0.475895,-1.0,1.0,,,,,,,,,,,,,0,gru
108,371543,-489.4714,-230.493,4000,0,0,0,1,1.7957,1.833,max_steps,1155.4,0.039207,0.44064,-0.881062,0.88214,3.041584,1.435123,0.104109,5.912709,0.454162,0.474701,-0.993031,1.009529,-0.031336,1.800212,2.211374,0.009936,1.345024,0.177455,0.452415,0.0005,,,,,0,gru
109,375520,-529.6514,-265.2742,3977,0,0,1,0,1.3596,1.819,collision,1173.1,0.050786,0.436286,-0.883394,0.881051,2.982985,1.439601,0.047913,5.883897,0.460571,0.446121,-0.750802,1.0,,,,,,,,,,,,,0,gru
110,379520,-525.9911,-283.0182,4000,0,0,0,1,1.6934,1.793,max_steps,1184.7,0.053464,0.444563,-0.886481,0.887135,2.938201,1.444638,0.117263,5.93891,0.466826,0.452713,-0.668276,1.0,,,,,,,,,,,,,0,gru
111,383520,-516.0522,-346.7996,4000,0,0,0,1,1.6173,1.81,max_steps,1195.8,0.051224,0.441117,-0.877151,0.884241,2.99492,1.450774,0.067782,5.911752,0.470486,0.453777,-0.649721,1.005436,,,,,,,,,,,,,0,gru
112,387274,-605.9079,-371.1596,3754,0,0,1,0,2.0064,1.79,collision,1208.6,0.052315,0.443312,-0.865299,0.885108,2.882553,1.431158,0.097275,5.900868,0.461864,0.446314,-0.65201,1.0,0.036275,0.613126,2.216907,0.009934,0.372726,0.211391,0.341373,0.0005,,,,,0,gru
113,391112,-381.1099,-371.2255,3838,0,0,1,0,1.1454,1.832,collision,1219.7,0.025292,0.44351,-0.865687,0.892331,3.034979,1.43064,0.054154,5.92385,0.444161,0.466197,-1.0,1.0,,,,,,,,,,,,,0,gru
114,394312,-543.0206,-402.0835,3200,0,0,1,0,2.5597,1.805,collision,1228.9,0.012368,0.446045,-0.870551,0.881517,2.975807,1.440989,0.081617,5.894911,0.443426,0.462843,-1.0,1.003033,,,,,,,,,,,,,0,gru
115,398312,-526.085,-396.8145,4000,0,0,0,1,1.7926,1.79,max_steps,1240.1,0.031967,0.445628,-0.870813,0.885453,2.930716,1.454621,0.047811,5.922731,0.479121,0.442844,-0.56261,1.004436,,,,,,,,,,,,,0,gru
116,402134,-192.9037,-482.007,3822,0,0,1,0,0.7142,1.832,collision,1252.9,0.037264,0.449007,-0.87065,0.870347,3.068944,1.429375,0.052199,5.954288,0.442053,0.465802,-0.999966,1.0,0.037437,0.933109,2.219888,0.009932,0.689871,0.112255,0.436928,0.0005,,,,,0,gru
117,406134,-507.1979,-481.7391,4000,0,0,0,1,1.8942,1.831,max_steps,1264.5,0.02116,0.445192,-0.884159,0.885815,3.060945,1.430595,0.090869,5.936841,0.450723,0.472174,-1.0,1.0,,,,,,,,,,,,,0,gru
118,408568,-508.2905,-483.621,2434,0,0,1,0,3.1748,1.727,collision,1271.2,0.039898,0.445668,-0.870801,0.880325,2.755956,1.45429,0.080614,5.914736,0.431227,0.466377,-0.954641,1.0,,,,,,,,,,,,,0,gru
119,412342,-2.6164,-430.9175,3774,0,0,1,0,0.4974,1.836,collision,1282.2,0.031267,0.444439,-0.87886,0.873131,3.121499,1.457544,0.102187,5.976837,0.465536,0.440126,-0.761126,1.0,,,,,,,,,,,,,0,gru
120,416043,-31.624,-381.4808,3701,0,0,1,0,0.5638,1.819,collision,1294.5,0.024253,0.443205,-0.869084,0.888051,3.066211,1.474272,0.028965,5.948314,0.472365,0.432157,-0.720968,1.0,0.032601,1.356613,2.215715,0.009929,1.141276,0.290631,0.823069,0.0005,,,,,0,gru
121,419356,649.9307,-264.8825,3313,1,1,0,0,0.2885,1.833,goal,1304.2,0.049044,0.440717,-0.879213,0.882217,3.043684,1.449015,0.086546,5.899809,0.483175,0.459748,-0.52893,1.0,,,,,,,,,,,,,0,gru
122,423234,-218.1243,-226.1042,3878,0,0,1,0,0.9001,1.803,collision,1315.8,0.039033,0.441766,-0.881814,0.890318,2.979025,1.477084,0.087038,5.947522,0.467567,0.438838,-0.696266,1.0,,,,,,,,,,,,,0,gru
123,426685,557.3944,-132.2537,3451,1,1,0,0,0.2621,1.823,goal,1326.0,0.040968,0.447217,-0.879068,0.882957,3.047401,1.457535,0.102936,5.91573,0.475815,0.462255,-0.596491,1.0,,,,,,,,,,,,,0,gru
124,430642,-443.3663,-122.2883,3957,0,0,1,0,1.2425,1.817,collision,1339.8,0.035827,0.444454,-0.875043,0.864192,2.994106,1.434297,0.098176,5.852188,0.463241,0.444211,-0.648327,1.0,-0.034952,2.674396,2.220123,0.009927,2.055766,0.156451,0.44996,0.0005,,,,,0,gru
125,434642,-25.8508,-72.2649,4000,0,0,0,1,0.7026,1.814,max_steps,1351.9,0.052575,0.442268,-0.875462,0.88881,3.034054,1.463162,0.077353,5.928303,0.455139,0.450816,-0.818816,1.000483,,,,,,,,,,,,,0,gru
126,437909,615.5962,8.5851,3267,1,1,0,0,0.2747,1.835,goal,1361.6,0.037364,0.449665,-0.868784,0.875403,3.123638,1.46033,0.131789,5.966136,0.490707,0.450357,-0.408819,1.0,,,,,,,,,,,,,0,gru
127,440324,-577.7153,1.5334,2415,0,0,1,0,3.3715,1.705,collision,1368.5,0.088718,0.437209,-0.864971,0.881386,2.621436,1.408222,0.014072,5.833868,0.396553,0.494982,-1.0,1.047168,,,,,,,,,,,,,0,gru
128,444252,-367.3281,15.6296,3928,0,0,1,0,1.138,1.83,collision,1382.1,0.036806,0.443563,-0.894535,0.882545,3.077295,1.446441,0.078219,5.950656,0.466045,0.44302,-0.605928,1.006832,-0.026352,1.812344,2.215697,0.009924,1.379597,0.097486,0.312173,0.0005,,,,,0,gru
129,447338,-563.7426,-40.483,3086,0,0,1,0,2.7217,1.662,collision,1391.4,0.06887,0.444506,-0.894124,0.888685,2.516913,1.418698,0.01498,5.939679,0.449153,0.458436,-0.95239,1.003723,,,,,,,,,,,,,0,gru
130,451251,-270.4359,-64.3642,3913,0,0,1,0,0.9445,1.805,collision,1403.1,0.026016,0.447136,-0.87632,0.889178,2.988226,1.445099,0.126438,5.934639,0.474328,0.432763,-0.678707,1.000641,,,,,,,,,,,,,0,gru
131,455192,-111.9071,-140.548,3941,0,0,1,0,0.4549,1.821,collision,1414.9,0.044059,0.445654,-0.868397,0.874513,3.05776,1.461858,0.084266,5.941126,0.44196,0.469165,-1.0,1.0,,,,,,,,,,,,,0,gru
132,459192,-502.6522,-169.0008,4000,0,0,0,1,1.6186,1.752,max_steps,1428.8,0.040781,0.447767,-0.884793,0.879999,2.835507,1.455162,0.025076,5.871507,0.478285,0.448513,-0.560246,1.000665,0.035569,0.925589,2.210918,0.009922,0.65892,0.271991,0.446789,0.0005,,,,,0,gru
133,462632,703.4192,-154.3983,3440,1,1,0,0,0.2994,1.829,goal,1439.1,0.029286,0.440332,-0.883834,0.869762,3.078543,1.473588,0.107111,5.932046,0.477585,0.45623,-0.856725,1.0,,,,,,,,,,,,,0,gru
134,465932,620.8712,-47.9745,3300,1,1,0,0,0.2718,1.812,goal,1448.6,0.017455,0.447333,-0.882594,0.876916,3.076668,1.472588,0.052543,5.920835,0.482532,0.452886,-0.688947,1.0,,,,,,,,,,,,,0,gru
135,469789,-67.8045,-52.1699,3857,0,0,1,0,0.4515,1.814,collision,1459.4,0.039105,0.440015,-0.885065,0.877045,3.048968,1.476871,0.062837,5.952387,0.446633,0.46291,-1.0,1.0,,,,,,,,,,,,,0,gru
136,473119,621.1635,-51.6132,3330,1,1,0,0,0.2805,1.828,goal,1470.9,0.032981,0.44419,-0.881805,0.885476,3.072197,1.456795,0.116569,5.901064,0.486335,0.456583,-0.548848,1.008129,-0.036385,4.349104,2.21713,0.00992,3.36018,0.269054,0.609401,0.0005,,,,,0,gru
137,476888,-150.1602,-8.8577,3769,0,0,1,0,0.7604,1.83,collision,1482.0,0.020959,0.449054,-0.880314,0.879597,3.110829,1.469288,0.094015,5.870507,0.473336,0.434526,-0.444899,1.0,,,,,,,,,,,,,0,gru
138,480701,54.2677,33.3019,3813,0,0,1,0,0.3025,1.846,collision,1492.9,0.034375,0.446205,-0.886067,0.868891,3.16954,1.459088,0.080405,5.922815,0.459296,0.451265,-0.744505,1.0,,,,,,,,,,,,,0,gru
139,483985,619.7097,151.6471,3284,1,1,0,0,0.2747,1.837,goal,1502.3,0.030595,0.44213,-0.891014,0.883345,3.082828,1.458194,0.118624,5.929401,0.488677,0.453008,-0.523332,1.007768,,,,,,,,,,,,,0,gru
140,487541,-578.9,120.8007,3556,0,0,1,0,2.0344,1.743,collision,1514.0,0.089663,0.441334,-0.859833,0.892238,2.844416,1.481091,0.095574,5.944381,0.451241,0.458049,-1.0,1.0,-0.025915,2.166765,2.218036,0.009917,1.496567,0.156913,0.489775,0.0005,,,,,0,gru
141,491541,-502.6668,81.7248,4000,0,0,0,1,1.7592,1.773,max_steps,1525.7,0.018749,0.452923,-0.879356,0.888197,2.914377,1.459431,0.050506,5.873934,0.485178,0.438205,-0.487604,1.001235,,,,,,,,,,,,,0,gru
142,495469,-425.5515,89.4348,3928,0,0,1,0,1.206,1.804,collision,1537.6,0.04367,0.445304,-0.879987,0.877218,3.021051,1.480735,0.08185,5.940542,0.462272,0.442763,-0.720339,1.0,,,,,,,,,,,,,0,gru
143,499469,-478.2337,-28.7304,4000,0,0,0,1,1.6543,1.799,max_steps,1549.2,0.015712,0.445666,-0.877008,0.871506,2.939175,1.441559,0.052674,5.93959,0.449223,0.467995,-1.0,1.0,,,,,,,,,,,,,0,gru
144,503161,-26.9454,-93.5121,3692,0,0,1,0,0.4652,1.835,collision,1561.8,0.010823,0.439815,-0.890034,0.868101,3.069747,1.45376,0.073238,5.902673,0.48276,0.423053,-0.548526,1.0,0.030211,0.833656,2.231555,0.009915,0.578359,0.197762,0.53793,0.0005,,,,,0,gru
145,505669,-548.7797,-141.6096,2508,0,0,1,0,3.2487,1.662,collision,1568.9,0.075453,0.449865,-0.894009,0.884357,2.549283,1.43538,0.04859,5.870492,0.417654,0.478996,-1.0,1.000561,,,,,,,,,,,,,0,gru
146,508231,-532.2237,-256.9483,2562,0,0,1,0,3.0565,1.703,collision,1576.4,0.073012,0.445057,-0.871636,0.882357,2.62738,1.428904,0.040607,5.952244,0.424025,0.474643,-1.0,1.0,,,,,,,,,,,,,0,gru
147,511991,-247.1438,-266.6467,3760,0,0,1,0,0.984,1.814,collision,1586.8,0.006088,0.448123,-0.874144,0.894893,3.060924,1.472086,0.091948,5.956111,0.481602,0.425567,-0.370531,1.0,,,,,,,,,,,,,0,gru
148,515852,-192.0646,-291.2799,3861,0,0,1,0,0.7816,1.813,collision,1599.3,0.012675,0.45051,-0.859037,0.886083,3.069561,1.478462,0.101934,5.96925,0.478295,0.429483,-0.475345,1.008195,0.037324,1.098527,2.222134,0.009912,0.821494,0.213415,0.412284,0.0005,,,,,0,gru
149,519564,10.0452,-352.2464,3712,0,0,1,0,0.3879,1.823,collision,1610.0,0.009354,0.447388,-0.877293,0.871441,3.068825,1.462605,0.049374,5.897946,0.45351,0.45395,-0.999999,1.0,,,,,,,,,,,,,0,gru
150,523334,-68.5964,-301.216,3770,0,0,1,0,0.5906,1.817,collision,1620.8,0.007849,0.45584,-0.871598,0.866528,3.066062,1.470119,0.105496,5.953041,0.451606,0.456231,-1.0,1.0,,,,,,,,,,,,,0,gru
151,527334,-536.5079,-304.6001,4000,0,0,0,1,1.8708,1.746,max_steps,1632.1,0.050084,0.453221,-0.881067,0.890579,2.795718,1.440936,0.050243,5.923191,0.47226,0.449401,-0.691795,1.006421,,,,,,,,,,,,,0,gru
152,530587,656.4912,-196.3959,3253,1,1,0,0,0.2869,1.838,goal,1642.8,0.010416,0.45033,-0.878396,0.884768,3.132717,1.444466,0.080786,5.910635,0.496379,0.435759,-0.225331,1.0,-0.027362,2.04804,2.223655,0.00991,1.513616,0.148533,0.399945,0.0005,,,,,0,gru
153,534048,592.0246,-89.37,3461,1,1,0,0,0.2758,1.822,goal,1652.8,0.029932,0.450681,-0.872069,0.884717,3.064287,1.453727,0.059605,5.884456,0.487932,0.449544,-0.5392,1.011668,,,,,,,,,,,,,0,gru
154,538005,-294.4115,-116.1167,3957,0,0,1,0,1.0463,1.803,collision,1664.0,0.028,0.448574,-0.887662,0.890814,2.984456,1.451946,0.091555,5.960243,0.466332,0.442377,-0.529613,1.00883,,,,,,,,,,,,,0,gru
155,541900,-282.2966,-89.4683,3895,0,0,1,0,0.9979,1.816,collision,1675.1,0.0268,0.450012,-0.897777,0.884286,3.046293,1.441302,0.055972,5.870951,0.466709,0.442324,-0.515047,1.0,,,,,,,,,,,,,0,gru
156,545332,417.311,5.4851,3432,1,1,0,0,0.2203,1.805,goal,1686.7,0.027109,0.452678,-0.873893,0.880157,3.045375,1.474736,0.035326,5.920577,0.476499,0.459064,-0.71352,1.0,-0.034427,2.86563,2.231222,0.009908,1.940499,0.169953,0.36653,0.0005,,,,,0,gru
157,548753,679.6109,98.1606,3421,1,1,0,0,0.2975,1.826,goal,1698.4,-0.002593,0.451124,-0.88676,0.884935,3.124431,1.475544,0.022331,5.957061,0.497079,0.440371,-0.379916,1.003948,,,,,,,,,,,,,0,gru
158,552116,582.1647,175.5835,3363,1,1,0,0,0.2615,1.813,goal,1710.5,0.015527,0.458989,-0.887247,0.888202,3.088408,1.459926,0.059502,5.952275,0.48981,0.445139,-0.489788,1.0,,,,,,,,,,,,,0,gru
159,556116,-522.608,122.3182,4000,0,0,0,1,1.6666,1.767,max_steps,1725.8,0.072137,0.449156,-0.887079,0.877866,2.898724,1.468152,0.061357,5.9503,0.472262,0.452279,-0.798433,1.003921,,,,,,,,,,,,,0,gru
160,559234,-558.7403,73.3038,3118,0,0,1,0,2.5074,1.709,collision,1739.5,0.103511,0.446617,-0.875332,0.886114,2.733068,1.466699,0.048638,5.862012,0.439352,0.466322,-1.0,1.0,-0.035991,2.86025,2.224196,0.009905,2.102484,0.145716,0.347188,0.0005,,,,,0,gru
161,562964,-46.4183,122.3128,3730,0,0,1,0,0.5299,1.83,collision,1753.8,0.0068,0.456758,-0.885714,0.881903,3.176685,1.468571,0.037666,5.962884,0.476978,0.430022,-0.411528,1.0,,,,,,,,,,,,,0,gru
162,566454,670.6019,123.7238,3490,1,1,0,0,0.2916,1.818,goal,1766.1,-0.005444,0.459394,-0.880814,0.888768,3.128957,1.461258,0.088073,5.883635,0.50004,0.427743,-0.345224,1.0,,,,,,,,,,,,,0,gru
163,569548,-542.5128,10.2701,3094,0,0,1,0,2.4714,1.734,collision,1775.2,0.076253,0.453838,-0.880182,0.883123,2.801525,1.462811,0.035453,5.914397,0.448698,0.458663,-1.0,1.0,,,,,,,,,,,,,0,gru
164,573340,-62.6266,33.4486,3792,0,0,1,0,0.4928,1.819,collision,1788.7,-0.00551,0.460444,-0.891446,0.885215,3.135699,1.474141,0.065688,5.943469,0.480617,0.426482,-0.32047,1.0,-0.028593,2.406835,2.225824,0.009903,1.713996,0.150243,0.442519,0.0005,,,,,0,gru
165,576609,-556.3351,6.0447,3269,0,0,1,0,2.3114,1.734,collision,1803.0,0.086517,0.454863,-0.882748,0.888937,2.822993,1.469382,0.055938,5.95402,0.449493,0.459257,-1.0,1.0,,,,,,,,,,,,,0,gru
166,580389,-87.8805,-44.4744,3780,0,0,1,0,0.5188,1.826,collision,1820.6,-0.007574,0.456388,-0.88984,0.892598,3.134173,1.471833,0.072448,5.929973,0.484595,0.421103,-0.311521,1.0,,,,,,,,,,,,,0,gru
167,584152,91.0358,-103.3319,3763,0,0,1,0,0.3086,1.814,collision,1837.2,0.002221,0.450068,-0.888746,0.898432,3.092449,1.497093,0.072137,5.983784,0.46286,0.44428,-1.0,1.0,,,,,,,,,,,,,0,gru
168,587550,708.3738,-90.711,3398,1,1,0,0,0.3,1.822,goal,1853.9,-0.007125,0.461797,-0.887629,0.886935,3.103987,1.448018,0.075551,5.952932,0.501504,0.43124,-0.309667,1.0,-0.029636,2.453996,2.233183,0.0099,1.646891,0.157727,0.378828,0.0005,,,,,0,gru
169,591240,83.2165,-30.1286,3690,0,0,1,0,0.3116,1.83,collision,1870.7,-0.002662,0.449625,-0.889917,0.876993,3.129159,1.470472,0.069591,5.904263,0.462963,0.443807,-1.0,1.0,,,,,,,,,,,,,0,gru
170,595044,-213.8453,4.3609,3804,0,0,1,0,0.8356,1.824,collision,1888.4,0.005312,0.451516,-0.883257,0.879215,3.119422,1.472988,0.043408,5.979383,0.478893,0.428623,-0.408782,1.0,,,,,,,,,,,,,0,gru
171,598359,593.2452,68.3273,3315,1,1,0,0,0.2589,1.825,goal,1903.5,0.008526,0.458301,-0.885168,0.88524,3.142936,1.470278,0.087829,5.964694,0.496106,0.442008,-0.375065,1.0,,,,,,,,,,,,,0,gru
172,601484,-556.2239,-54.3553,3125,0,0,1,0,2.5085,1.727,collision,1919.6,0.091441,0.460443,-0.865255,0.886006,2.829432,1.471445,0.022288,5.941107,0.442804,0.463077,-0.999996,1.010359,-0.027552,2.204533,2.227362,0.009898,1.549926,0.178052,0.525433,0.0005,,,,,0,gru
173,604489,-539.671,-54.0711,3005,0,0,1,0,2.3808,1.756,collision,1933.6,0.09218,0.446589,-0.884704,0.882564,2.879049,1.475109,0.023664,5.919405,0.436209,0.465103,-1.0,1.0,,,,,,,,,,,,,0,gru
174,607725,-548.5584,-102.6643,3236,0,0,1,0,2.3069,1.761,collision,1948.4,0.087257,0.452211,-0.876144,0.883459,2.90728,1.470217,0.088885,5.970192,0.45143,0.458745,-0.999999,1.0,,,,,,,,,,,,,0,gru
175,611340,-576.2276,-104.6535,3615,0,0,1,0,1.9199,1.786,collision,1965.7,0.078427,0.450213,-0.885347,0.89778,2.988172,1.470564,0.057267,5.934976,0.456357,0.455975,-0.998145,1.0,,,,,,,,,,,,,0,gru
176,613909,-656.2673,-161.4922,2569,0,0,1,0,3.4487,1.735,collision,1979.3,0.118037,0.44878,-0.853293,0.882159,2.81932,1.456418,0.060808,5.880584,0.376181,0.510734,-1.0,1.192669,0.041141,0.839513,2.225495,0.009896,0.590743,0.294927,0.527011,0.0005,,,,,0,gru
177,617685,3.74,-170.2218,3776,0,0,1,0,0.5114,1.835,collision,1996.5,0.024827,0.453606,-0.884979,0.880733,3.14549,1.465745,0.02277,5.941748,0.464852,0.442139,-0.733538,1.0,,,,,,,,,,,,,0,gru
178,621347,-99.3702,-250.9962,3662,0,0,1,0,0.6418,1.835,collision,2013.4,0.00269,0.455252,-0.882626,0.887361,3.171751,1.461726,0.045939,5.917972,0.480049,0.425036,-0.395922,1.0,,,,,,,,,,,,,0,gru
179,624761,-559.4954,-315.2674,3414,0,0,1,0,2.2054,1.771,collision,2028.6,0.068572,0.449922,-0.890912,0.892645,2.926808,1.475161,0.067346,5.94427,0.457456,0.453547,-0.95024,1.0,,,,,,,,,,,,,0,gru
180,628499,-98.6983,-303.7527,3738,0,0,1,0,0.6379,1.829,collision,2047.9,0.014006,0.455066,-0.890779,0.877959,3.166727,1.466512,0.070657,5.935143,0.475358,0.431354,-0.51744,1.0,0.041478,1.155775,2.236461,0.009893,0.742739,0.165133,0.491075,0.0005,,,,,0,gru
181,632438,-503.4083,-413.418,3939,0,0,1,0,1.3912,1.819,collision,2066.3,0.005037,0.451133,-0.881252,0.885115,3.132829,1.487565,0.06241,5.954607,0.449159,0.462846,-1.0,1.0,,,,,,,,,,,,,0,gru
182,636195,-37.0696,-361.5026,3757,0,0,1,0,0.5207,1.825,collision,2083.9,0.002,0.45301,-0.878904,0.891014,3.141312,1.482461,0.029848,5.980587,0.454813,0.452762,-1.0,1.0,,,,,,,,,,,,,0,gru
183,640195,-516.4414,-359.1796,4000,0,0,0,1,1.7582,1.78,max_steps,2103.9,0.011335,0.461141,-0.886576,0.888,3.011281,1.484545,0.039109,5.945859,0.478588,0.434458,-0.516395,1.0,,,,,,,,,,,,,0,gru
184,643856,-85.5812,-312.8819,3661,0,0,1,0,0.6709,1.828,collision,2124.0,-0.006593,0.453371,-0.892156,0.882134,3.143798,1.474198,0.030267,5.94294,0.45554,0.450848,-1.0,1.0,0.034215,1.102419,2.241225,0.009891,0.803877,0.18001,0.450479,0.0005,,,,,0,gru
185,647615,-3.2361,-255.5828,3759,0,0,1,0,0.5157,1.839,collision,2142.2,-0.011986,0.453456,-0.885709,0.88465,3.209006,1.497204,0.030656,5.941411,0.461667,0.44713,-1.0,1.00435,,,,,,,,,,,,,0,gru
186,651615,-419.1078,-231.8668,4000,0,0,0,1,1.3579,1.792,max_steps,2162.0,0.02423,0.457082,-0.881015,0.880272,3.063337,1.503724,0.084191,5.964725,0.44461,0.467999,-1.0,1.0,,,,,,,,,,,,,0,gru
187,655439,-69.2395,-239.1648,3824,0,0,1,0,0.5395,1.813,collision,2180.4,0.001678,0.459787,-0.878178,0.887307,3.109878,1.467883,0.095367,5.953015,0.484265,0.422324,-0.504808,1.007625,,,,,,,,,,,,,0,gru
188,657968,-535.6069,-282.7884,2529,0,0,1,0,3.0775,1.714,collision,2194.3,0.077561,0.46435,-0.869538,0.887375,2.763513,1.464256,0.063618,5.892508,0.419559,0.475246,-1.0,1.002267,0.035034,1.249181,2.244305,0.009888,0.932521,0.198323,0.41788,0.0005,,,,,0,gru
189,660578,-577.3327,-284.5722,2610,0,0,1,0,3.0272,1.744,collision,2206.6,0.094171,0.460041,-0.873776,0.88429,2.905953,1.486616,0.048008,5.936958,0.405046,0.489669,-1.0,1.0,,,,,,,,,,,,,0,gru
190,663817,690.7935,-205.623,3239,1,1,0,0,0.2892,1.826,goal,2222.6,-0.003921,0.460052,-0.879236,0.871972,3.207148,1.486673,0.134664,5.979174,0.496166,0.440773,-0.790159,1.0,,,,,,,,,,,,,0,gru
191,667594,-141.9271,-169.4749,3777,0,0,1,0,0.7843,1.829,collision,2243.1,0.004427,0.456275,-0.88415,0.893177,3.173216,1.488605,0.081544,5.923327,0.453063,0.455721,-1.0,1.0,,,,,,,,,,,,,0,gru
192,671256,-64.1875,-172.1867,3662,0,0,1,0,0.6217,1.84,collision,2270.0,-0.012037,0.455377,-0.887832,0.883221,3.223979,1.473356,0.091459,5.951907,0.458629,0.448409,-0.999999,1.0,-0.031507,1.993815,2.250075,0.009886,1.342454,0.155421,0.347307,0.0005,,,,,0,gru
193,674610,703.3584,-50.2067,3354,1,1,0,0,0.2929,1.831,goal,2292.3,-0.000448,0.457176,-0.875507,0.875212,3.201947,1.476652,0.110952,5.924985,0.503397,0.427222,-0.243536,1.0,,,,,,,,,,,,,0,gru
194,678549,-535.0294,-95.1515,3939,0,0,1,0,1.6377,1.83,collision,2308.8,0.019334,0.453968,-0.874395,0.880793,3.184843,1.479778,0.072513,5.95736,0.443246,0.468631,-1.0,1.0,,,,,,,,,,,,,0,gru
195,681215,-526.2057,-147.4485,2666,0,0,1,0,2.8989,1.772,collision,2318.1,0.089077,0.452597,-0.876786,0.881367,2.965389,1.47469,0.027402,5.874376,0.429755,0.471328,-1.0,1.0,,,,,,,,,,,,,0,gru
196,684983,-349.6609,-140.5038,3768,0,0,1,0,1.1645,1.835,collision,2331.8,0.017316,0.462731,-0.882102,0.889872,3.219259,1.45977,0.121861,5.955822,0.472146,0.435453,-0.517374,1.0,-0.029432,1.936378,2.245544,0.009884,1.298467,0.144249,0.496113,0.0005,,,,,0,gru
197,688269,640.9739,-69.4824,3286,1,1,0,0,0.2779,1.818,goal,2341.7,-0.023469,0.452846,-0.885073,0.878492,3.134981,1.499354,0.062663,5.946117,0.510782,0.427512,-0.35397,1.007906,,,,,,,,,,,,,0,gru
198,690958,-514.0274,-67.3245,2689,0,0,1,0,2.9432,1.754,collision,2350.0,0.049725,0.459954,-0.88251,0.892271,2.940889,1.508763,0.10654,5.968837,0.441821,0.463378,-1.0,1.0,,,,,,,,,,,,,0,gru
199,694777,56.4148,-3.9497,3819,0,0,1,0,0.3813,1.83,collision,2361.0,-0.025369,0.454917,-0.885861,0.889112,3.158499,1.48241,0.03061,5.955113,0.473457,0.43363,-1.0,1.0,,,,,,,,,,,,,0,gru
200,698694,-269.6465,-99.9937,3917,0,0,1,0,0.996,1.826,collision,2374.7,-0.02826,0.459218,-0.881992,0.874861,3.214097,1.51151,0.026833,5.955077,0.465171,0.445044,-1.0,1.002766,-0.028451,2.22714,2.250827,0.009881,1.554557,0.122585,0.52137,0.0005,,,,,0,gru
201,702575,-400.6314,-125.8642,3881,0,0,1,0,1.1969,1.838,collision,2386.5,-0.022718,0.451982,-0.880895,0.889008,3.190065,1.472662,0.045218,5.964045,0.457709,0.451695,-1.0,1.0,,,,,,,,,,,,,0,gru
202,706575,-516.0822,-171.0536,4000,0,0,0,1,1.7299,1.832,max_steps,2398.6,-0.007316,0.453703,-0.898389,0.88438,3.179537,1.489446,0.055542,5.934658,0.452526,0.462769,-1.0,1.0,,,,,,,,,,,,,0,gru
203,710575,-523.929,-293.7824,4000,0,0,0,1,1.6892,1.834,max_steps,2410.4,-0.029539,0.455788,-0.896201,0.87966,3.169175,1.466458,0.032188,5.957947,0.457707,0.458515,-1.0,1.0,,,,,,,,,,,,,0,gru
204,713758,718.0919,-168.4703,3183,1,1,0,0,0.296,1.82,goal,2428.2,-0.011349,0.455161,-0.880392,0.884609,3.180714,1.49041,0.047066,5.947516,0.501583,0.434796,-0.7252,1.0,-0.029313,1.714618,2.251021,0.009879,1.206742,0.150159,0.42663,0.0005,,,,,0,gru
205,717483,2.1587,-115.6338,3725,0,0,1,0,0.4426,1.822,collision,2447.5,-0.019293,0.456839,-0.889221,0.889071,3.164106,1.483016,0.057492,5.967337,0.48664,0.416195,-0.61231,1.0,,,,,,,,,,,,,0,gru
206,721479,-582.1618,-138.8839,3996,0,0,1,0,1.5218,1.823,collision,2468.5,-0.027311,0.459164,-0.887211,0.888298,3.192449,1.491913,0.032065,5.961813,0.456861,0.454646,-1.0,1.0,,,,,,,,,,,,,0,gru
207,725309,-47.554,-207.7367,3830,0,0,1,0,0.6141,1.826,collision,2490.5,-0.030974,0.456003,-0.878319,0.890936,3.144296,1.473444,0.124297,5.964573,0.469234,0.439277,-1.0,1.00061,,,,,,,,,,,,,0,gru
208,728728,-564.8515,-212.8191,3419,0,0,1,0,2.3043,1.824,collision,2509.8,-0.026103,0.459933,-0.891349,0.888522,3.141036,1.463766,0.025131,5.962239,0.44782,0.460149,-1.0,1.0,0.038033,1.11664,2.249994,0.009876,0.709135,0.189145,0.4065,0.0005,,,,,0,gru
209,731834,-528.5089,-271.3115,3106,0,0,1,0,2.6029,1.811,collision,2525.9,0.004072,0.457858,-0.885522,0.883428,3.14339,1.484356,0.095249,5.959251,0.459345,0.44678,-0.703325,1.0,,,,,,,,,,,,,0,gru
210,735673,-127.4039,-257.0872,3839,0,0,1,0,0.7603,1.833,collision,2549.7,-0.024285,0.457843,-0.889221,0.88425,3.191859,1.487577,0.060361,5.952732,0.466938,0.440965,-1.0,1.003597,,,,,,,,,,,,,0,gru
211,739511,-324.5774,-249.4818,3838,0,0,1,0,1.0908,1.831,collision,2569.1,-0.019326,0.465565,-0.88798,0.869869,3.238698,1.479717,0.042611,5.96774,0.458229,0.451152,-1.0,1.0017,,,,,,,,,,,,,0,gru
212,743511,-536.8327,-251.5568,4000,0,0,0,1,1.7231,1.819,max_steps,2591.1,-0.043316,0.460683,-0.887481,0.890242,3.153055,1.462882,0.105334,5.923877,0.460475,0.454783,-1.0,1.0,0.036106,1.030911,2.25097,0.009874,0.755492,0.169332,0.526157,0.0005,,,,,0,gru
213,747511,-536.0838,-252.7723,4000,0,0,0,1,1.8372,1.824,max_steps,2612.1,-0.02518,0.460564,-0.884001,0.884701,3.17299,1.474276,0.062496,5.932097,0.456669,0.456703,-1.0,1.0,,,,,,,,,,,,,0,gru
214,750375,-513.8963,-375.9712,2864,0,0,1,0,2.7482,1.803,collision,2626.4,-0.02953,0.462024,-0.89205,0.88672,3.123239,1.491387,0.029611,5.932841,0.444815,0.459928,-1.0,1.011778,,,,,,,,,,,,,0,gru
215,753651,636.8541,-312.5016,3276,1,1,0,0,0.2777,1.823,goal,2644.6,-0.027167,0.451615,-0.886377,0.878896,3.141865,1.496144,0.062703,5.908834,0.511964,0.42583,-0.536602,1.0,,,,,,,,,,,,,0,gru
216,757569,-330.8466,-287.3701,3918,0,0,1,0,1.1114,1.827,collision,2667.0,-0.029145,0.456278,-0.884041,0.890974,3.230478,1.518171,0.08513,5.964116,0.465563,0.444775,-1.0,1.003657,-0.028922,1.790141,2.251168,0.009872,1.264088,0.108326,0.518208,0.0005,,,,,0,gru
217,761379,-94.7695,-292.0917,3810,0,0,1,0,0.6973,1.833,collision,2687.4,-0.025467,0.455988,-0.88021,0.894028,3.220699,1.485424,0.025426,5.938015,0.468131,0.440097,-1.0,1.00666,,,,,,,,,,,,,0,gru
218,765125,5.5191,-235.0546,3746,0,0,1,0,0.4403,1.833,collision,2706.1,-0.011175,0.457463,-0.883952,0.887763,3.210099,1.476273,0.10216,5.950689,0.463476,0.4432,-1.0,1.005668,,,,,,,,,,,,,0,gru
219,767885,-513.8337,-233.5871,2760,0,0,1,0,2.9072,1.807,collision,2719.5,-0.013394,0.457158,-0.870485,0.892321,3.10727,1.492663,0.089235,5.917234,0.442117,0.462329,-1.0,1.002674,,,,,,,,,,,,,0,gru
220,771885,-468.78,-267.7247,4000,0,0,0,1,1.5239,1.806,max_steps,2741.2,-0.021974,0.456631,-0.888063,0.882234,3.14069,1.504493,0.063791,5.94696,0.487212,0.42621,-0.597867,1.0,0.036254,1.11845,2.249378,0.009869,0.727147,0.220996,0.48797,0.0005,,,,,0,gru
221,775208,-553.3275,-290.5997,3323,0,0,1,0,2.3357,1.787,collision,2758.8,0.028634,0.46746,-0.884281,0.890306,3.108264,1.500929,0.048272,5.978568,0.462865,0.446811,-0.778454,1.0,,,,,,,,,,,,,0,gru
222,778921,61.5498,-230.7614,3713,0,0,1,0,0.3661,1.835,collision,2779.2,-0.014409,0.458285,-0.885219,0.887342,3.197628,1.469004,0.106967,5.967298,0.470244,0.437238,-1.0,1.0,,,,,,,,,,,,,0,gru
223,782634,-13.804,-178.5335,3713,0,0,1,0,0.4821,1.833,collision,2799.0,0.001361,0.457881,-0.879281,0.887867,3.214817,1.485092,0.073374,5.969657,0.481283,0.423974,-0.621309,1.0,,,,,,,,,,,,,0,gru
224,786510,-410.9537,-168.2392,3876,0,0,1,0,1.1647,1.828,collision,2821.2,0.012456,0.456136,-0.887946,0.889047,3.218658,1.511334,0.065425,5.966314,0.478617,0.42845,-0.613756,1.0,0.038512,1.239478,2.253218,0.009867,0.823207,0.236184,0.576217,0.0005,,,,,0,gru
225,790443,-525.3696,-284.4616,3933,0,0,1,0,1.4508,1.819,collision,2840.8,-0.017975,0.462088,-0.873635,0.887468,3.202917,1.493806,0.08223,5.976336,0.452782,0.458881,-1.0,1.0,,,,,,,,,,,,,0,gru
226,794213,-195.9423,-270.9711,3770,0,0,1,0,0.8447,1.822,collision,2859.1,-0.001516,0.460596,-0.875662,0.877946,3.199144,1.496253,0.088994,5.965424,0.452744,0.456122,-1.0,1.0,,,,,,,,,,,,,0,gru
227,797393,678.9127,-193.6029,3180,1,1,0,0,0.2868,1.838,goal,2874.6,-0.023731,0.454701,-0.8924,0.883965,3.225876,1.497688,0.083428,5.935107,0.507985,0.429379,-0.613033,1.0,,,,,,,,,,,,,0,gru
228,801290,-542.6541,-248.4202,3897,0,0,1,0,1.5803,1.828,collision,2896.0,0.001941,0.454025,-0.880463,0.877428,3.206927,1.499465,0.031454,5.941124,0.448002,0.462889,-1.0,1.0,-0.02834,2.083668,2.260166,0.009864,1.518451,0.212549,0.609938,0.0005,,,,,0,gru
229,805244,-436.5151,-240.6884,3954,0,0,1,0,1.2335,1.811,collision,2915.4,0.008953,0.459507,-0.892799,0.890425,3.156209,1.504294,0.016909,5.935413,0.446758,0.463755,-1.0,1.0,,,,,,,,,,,,,0,gru
230,809064,-130.5004,-206.8604,3820,0,0,1,0,0.6094,1.824,collision,2932.0,-0.004464,0.450849,-0.881859,0.889563,3.166439,1.499298,0.037117,5.956401,0.488466,0.417749,-0.404594,1.0,,,,,,,,,,,,,0,gru
231,812463,660.7352,-85.4542,3399,1,1,0,0,0.2854,1.826,goal,2950.7,-0.019362,0.454425,-0.894063,0.880772,3.178645,1.488621,0.062053,5.938003,0.50958,0.420702,-0.40825,1.0,,,,,,,,,,,,,0,gru
232,816317,-5.7886,-92.188,3854,0,0,1,0,0.5253,1.8,collision,2972.8,-0.010477,0.464579,-0.892248,0.89394,3.165575,1.505274,0.081702,5.973573,0.464618,0.444223,-1.0,1.003922,-0.028516,2.157884,2.253581,0.009862,1.526378,0.146499,0.570989,0.0005,,,,,0,gru
233,818952,-503.3334,-141.1409,2635,0,0,1,0,2.8728,1.778,collision,2987.1,0.063749,0.4601,-0.87763,0.887316,3.065248,1.501609,0.050456,5.932977,0.439946,0.464871,-1.0,1.0,,,,,,,,,,,,,0,gru
234,822757,-201.2316,-120.1687,3805,0,0,1,0,0.8389,1.819,collision,3005.4,0.017818,0.45919,-0.895214,0.87597,3.187042,1.506896,0.04376,5.98005,0.476985,0.428755,-0.625911,1.0,,,,,,,,,,,,,0,gru
235,826757,-520.3159,-119.6633,4000,0,0,0,1,2.1532,1.808,max_steps,3024.9,0.02427,0.457089,-0.884718,0.892299,3.148477,1.502793,0.104049,5.967564,0.437925,0.465045,-1.0,1.0,,,,,,,,,,,,,0,gru
236,830106,708.8931,-29.1798,3349,1,1,0,0,0.2977,1.833,goal,3039.3,-0.01156,0.456727,-0.890441,0.879433,3.236007,1.49768,0.089062,5.982274,0.491188,0.439463,-0.996806,1.0,-0.029888,1.994072,2.258707,0.00986,1.478694,0.104103,0.65185,0.0005,,,,,0,gru
237,832631,-549.2525,-151.9963,2525,0,0,1,0,3.1302,1.762,collision,3048.9,0.10982,0.457027,-0.870937,0.876479,3.020314,1.527797,0.060914,5.934109,0.411402,0.48373,-1.0,1.006292,,,,,,,,,,,,,0,gru
238,836050,-550.5827,-152.7892,3419,0,0,1,0,2.0672,1.81,collision,3061.7,0.052101,0.46117,-0.875532,0.886407,3.140689,1.491537,0.049106,5.971627,0.462482,0.450305,-0.982241,1.0,,,,,,,,,,,,,0,gru
239,840050,-485.1588,-157.6535,4000,0,0,0,1,1.8118,1.816,max_steps,3077.1,0.02578,0.455288,-0.873921,0.889934,3.144261,1.497949,0.100541,5.922925,0.455004,0.4697,-0.989045,1.005822,,,,,,,,,,,,,0,gru
240,843962,-299.8514,-174.5886,3912,0,0,1,0,0.9387,1.83,collision,3093.6,0.017315,0.453054,-0.89181,0.891553,3.206113,1.500737,0.046843,5.913452,0.447598,0.463099,-1.0,1.010172,0.035279,0.87173,2.258002,0.009857,0.572235,0.316028,0.548822,0.0005,,,,,0,gru
241,847870,-216.3282,-262.295,3908,0,0,1,0,0.8539,1.804,collision,3108.3,0.00478,0.465903,-0.887614,0.886899,3.162595,1.504923,0.057614,5.932355,0.484691,0.422646,-0.598199,1.009985,,,,,,,,,,,,,0,gru
242,851108,-551.3657,-316.8527,3238,0,0,1,0,2.6253,1.789,collision,3120.8,0.018894,0.458994,-0.891005,0.882202,3.039082,1.503767,0.046717,5.941557,0.442598,0.462857,-1.0,1.006447,,,,,,,,,,,,,0,gru
243,855017,-429.6402,-309.4834,3909,0,0,1,0,1.194,1.807,collision,3135.5,0.00554,0.460093,-0.881265,0.895418,3.156502,1.50184,0.099741,5.942248,0.447134,0.463556,-0.999999,1.0,,,,,,,,,,,,,0,gru
244,858914,-241.2046,-313.4807,3897,0,0,1,0,0.8379,1.797,collision,3152.6,0.011394,0.46051,-0.886721,0.89126,3.1123,1.510546,0.073064,5.960715,0.448239,0.459962,-1.0,1.0,0.03767,0.923975,2.264998,0.009855,0.541298,0.220421,0.264767,0.0005,,,,,0,gru
245,862914,-514.463,-312.8954,4000,0,0,0,1,1.7537,1.794,max_steps,3167.6,0.018672,0.459573,-0.888249,0.883353,3.100028,1.499603,0.036451,5.965446,0.481821,0.4367,-0.640043,1.0,,,,,,,,,,,,,0,gru
246,866811,-459.4953,-429.7342,3897,0,0,1,0,1.3369,1.814,collision,3182.3,-0.002919,0.459961,-0.886159,0.888741,3.189844,1.52266,0.07098,5.969513,0.449126,0.460725,-0.999648,1.0,,,,,,,,,,,,,0,gru
247,869615,-510.0422,-425.8132,2804,0,0,1,0,2.6937,1.782,collision,3192.9,0.042709,0.456847,-0.880362,0.889619,3.069697,1.534806,0.081116,5.964574,0.44921,0.455203,-0.923996,1.0,,,,,,,,,,,,,0,gru
248,873598,-541.3937,-424.8943,3983,0,0,1,0,1.5286,1.814,collision,3210.2,0.02009,0.46195,-0.891962,0.881644,3.179497,1.508555,0.06811,5.946557,0.444097,0.467151,-1.0,1.0,0.038415,0.76947,2.267601,0.009852,0.482467,0.200815,0.29365,0.0005,,,,,0,gru
249,877549,-562.0445,-432.5829,3951,0,0,1,0,1.4992,1.801,collision,3225.0,0.017856,0.460931,-0.876779,0.892267,3.190426,1.541906,0.041213,5.98457,0.474477,0.434085,-0.566012,1.0,,,,,,,,,,,,,0,gru
250,880912,639.1347,-338.6843,3363,1,1,0,0,0.2813,1.805,goal,3237.6,0.038163,0.465714,-0.882003,0.882887,3.184281,1.518228,0.067677,5.959035,0.486251,0.454947,-0.527904,1.0,,,,,,,,,,,,,0,gru
251,884345,660.6845,-250.983,3433,1,1,0,0,0.2895,1.822,goal,3250.7,0.021335,0.461253,-0.884649,0.892321,3.233553,1.49788,0.05925,5.933983,0.477161,0.45891,-0.619686,1.0,,,,,,,,,,,,,0,gru
252,888238,-188.5582,-214.7023,3893,0,0,1,0,0.8515,1.83,collision,3267.6,0.034935,0.457778,-0.892877,0.878154,3.240322,1.511642,0.037228,5.978138,0.471326,0.435356,-0.754675,1.009038,-0.034928,2.652893,2.259193,0.00985,1.857276,0.080096,0.405053,0.0005,,,,,0,gru
253,892238,-539.1451,-225.6528,4000,0,0,0,1,1.8711,1.813,max_steps,3282.7,0.038292,0.460444,-0.885013,0.882852,3.186734,1.519137,0.053386,5.95834,0.474966,0.442178,-0.768462,1.011009,,,,,,,,,,,,,0,gru
254,896238,-503.212,-251.8535,4000,0,0,0,1,1.6278,1.821,max_steps,3298.1,0.016253,0.463052,-0.889755,0.888034,3.201876,1.506848,0.118154,5.970333,0.474956,0.436142,-0.59513,1.0,,,,,,,,,,,,,0,gru
255,900213,-109.2913,-211.3363,3975,0,0,1,0,0.5203,1.814,collision,3313.4,0.041354,0.463581,-0.871588,0.888334,3.177381,1.502729,0.076671,5.986616,0.442122,0.464733,-1.0,1.0,,,,,,,,,,,,,0,gru
256,904071,-180.6718,-183.454,3858,0,0,1,0,0.8027,1.823,collision,3329.9,0.023638,0.456962,-0.884204,0.880296,3.188387,1.505526,0.058089,5.940287,0.478833,0.426601,-0.717007,1.0,0.032863,0.731037,2.263328,0.009848,0.460364,0.205658,0.45927,0.0005,,,,,0,gru
257,907885,-191.8267,-151.6324,3814,0,0,1,0,0.8253,1.818,collision,3344.5,0.007233,0.460049,-0.887161,0.883459,3.180036,1.499542,0.046095,5.950432,0.483683,0.420931,-0.625388,1.0,,,,,,,,,,,,,0,gru
258,910766,-508.3416,-148.3272,2881,0,0,1,0,2.6058,1.805,collision,3355.5,0.025597,0.463551,-0.88045,0.88668,3.163766,1.501828,0.083369,5.945633,0.4564,0.4499,-0.839647,1.0,,,,,,,,,,,,,0,gru
259,914588,-156.755,-107.7982,3822,0,0,1,0,0.7191,1.813,collision,3369.8,0.002157,0.469674,-0.89495,0.887061,3.209533,1.501216,0.107331,5.931994,0.455877,0.450389,-1.0,1.0,,,,,,,,,,,,,0,gru
260,918405,77.8276,-163.929,3817,0,0,1,0,0.338,1.824,collision,3386.4,0.018092,0.458071,-0.887348,0.883957,3.248947,1.515787,0.053614,5.973333,0.47186,0.434049,-0.837804,1.00334,0.039567,1.161859,2.264373,0.009845,0.864729,0.312128,0.667227,0.0005,,,,,0,gru
261,922405,-477.0191,-277.6993,4000,0,0,0,1,1.459,1.798,max_steps,3401.4,-0.00238,0.46515,-0.884693,0.895031,3.174492,1.526002,0.032198,5.947217,0.481933,0.428288,-0.632305,1.0,,,,,,,,,,,,,0,gru
262,926282,-369.0887,-295.7524,3877,0,0,1,0,1.1402,1.835,collision,3416.0,0.002737,0.463321,-0.885539,0.889599,3.251142,1.49394,0.114863,5.968231,0.451691,0.457904,-1.0,1.005865,,,,,,,,,,,,,0,gru
263,930211,-628.6433,-304.7022,3929,0,0,1,0,2.0542,1.798,collision,3431.0,0.018858,0.467451,-0.883022,0.888489,3.167736,1.516675,0.026036,5.960453,0.465931,0.441838,-0.596441,1.0,,,,,,,,,,,,,0,gru
264,934211,-507.6102,-305.142,4000,0,0,0,1,1.8427,1.812,max_steps,3448.2,0.001832,0.465074,-0.881831,0.885177,3.179689,1.507618,0.054135,5.972452,0.454725,0.46695,-1.0,1.011199,0.033658,0.705131,2.261295,0.009843,0.484034,0.327018,0.499649,0.0005,,,,,0,gru
265,938035,-117.823,-305.9952,3824,0,0,1,0,0.7526,1.828,collision,3463.3,0.032624,0.462107,-0.883297,0.887174,3.241103,1.502209,0.056663,5.964473,0.467868,0.435938,-0.801343,1.0,,,,,,,,,,,,,0,gru
266,941318,685.3732,-219.3907,3283,1,1,0,0,0.2962,1.836,goal,3475.7,0.007461,0.462854,-0.889537,0.886752,3.28226,1.499207,0.074948,5.896565,0.490529,0.450017,-0.468301,1.0,,,,,,,,,,,,,0,gru
267,945198,-222.9266,-222.5007,3880,0,0,1,0,0.7842,1.823,collision,3490.2,0.023243,0.458816,-0.891729,0.890356,3.256554,1.53116,0.081562,5.952523,0.442798,0.464659,-0.999966,1.0,,,,,,,,,,,,,0,gru
268,948425,711.1689,-100.5496,3227,1,1,0,0,0.2947,1.824,goal,3504.1,0.012217,0.459169,-0.88781,0.889062,3.228094,1.50219,0.07233,5.975323,0.49442,0.445627,-0.397181,1.0,-0.035589,3.073147,2.25735,0.00984,2.175044,0.170152,0.532462,0.0005,,,,,0,gru
269,952382,-493.8132,-134.2554,3957,0,0,1,0,1.3315,1.805,collision,3519.4,-0.004313,0.466579,-0.892011,0.888211,3.170617,1.512215,0.034719,5.960081,0.483629,0.424485,-0.597224,1.0,,,,,,,,,,,,,0,gru
270,955916,678.1923,-74.219,3534,1,1,0,0,0.2975,1.817,goal,3532.7,0.007831,0.464382,-0.882751,0.881377,3.200718,1.487089,0.032372,5.960999,0.48395,0.452147,-0.706764,1.007777,,,,,,,,,,,,,0,gru
271,959223,-551.5362,-81.6707,3307,0,0,1,0,2.5175,1.795,collision,3545.1,0.009756,0.466136,-0.885222,0.890653,3.097575,1.496078,0.050491,5.964499,0.438961,0.463045,-1.0,1.0,,,,,,,,,,,,,0,gru
272,963193,-262.1732,-70.9791,3970,0,0,1,0,0.9434,1.817,collision,3562.1,0.02308,0.465048,-0.885001,0.885259,3.21859,1.513928,0.068251,5.979905,0.474177,0.432984,-0.736718,1.005641,-0.028937,1.805673,2.261205,0.009838,1.243959,0.104256,0.318819,0.0005,,,,,0,gru
273,966956,-261.7647,-34.2913,3763,0,0,1,0,0.9962,1.833,collision,3576.2,-0.002967,0.458057,-0.884589,0.88419,3.225886,1.502579,0.063407,5.955029,0.454753,0.451768,-1.0,1.0,,,,,,,,,,,,,0,gru
274,970956,-478.3058,-31.3608,4000,0,0,0,1,1.7638,1.822,max_steps,3591.5,0.007016,0.463646,-0.89005,0.883936,3.217192,1.50362,0.041178,5.97321,0.451188,0.467168,-1.0,1.005241,,,,,,,,,,,,,0,gru
275,974235,651.572,45.5787,3279,1,1,0,0,0.2803,1.824,goal,3603.8,0.010508,0.458539,-0.891944,0.885858,3.21753,1.501114,0.042176,5.960292,0.486442,0.451439,-0.456067,1.0,,,,,,,,,,,,,0,gru
276,978080,-206.6657,-43.6252,3845,0,0,1,0,0.8054,1.817,collision,3620.1,0.00472,0.467306,-0.880124,0.890911,3.209635,1.48489,0.061569,5.992998,0.451314,0.453723,-0.99889,1.0,-0.029774,1.723598,2.261639,0.009836,1.226334,0.120106,0.441598,0.0005,,,,,0,gru
277,981219,-532.0588,-74.5384,3139,0,0,1,0,2.5457,1.817,collision,3632.2,0.007496,0.461274,-0.877426,0.885072,3.212192,1.522973,0.044351,5.957895,0.46027,0.446078,-0.698523,1.0,,,,,,,,,,,,,0,gru
278,985006,-155.7501,-161.2303,3787,0,0,1,0,0.7051,1.821,collision,3646.5,0.018933,0.457953,-0.880485,0.879662,3.177122,1.504425,0.100109,5.956127,0.447862,0.458153,-1.0,1.0,,,,,,,,,,,,,0,gru
279,988137,713.4086,-40.5082,3131,1,1,0,0,0.2971,1.816,goal,3658.3,-0.004534,0.460135,-0.893287,0.890058,3.175774,1.505318,0.0402,5.926088,0.502928,0.436212,-0.159642,1.0,,,,,,,,,,,,,0,gru
280,991837,-588.991,-167.2265,3700,0,0,1,0,2.423,1.82,collision,3674.0,0.006945,0.458149,-0.888653,0.876224,3.160032,1.480669,0.045297,5.91475,0.43477,0.462126,-1.0,1.001847,-0.030148,1.986476,2.264227,0.009833,1.352081,0.146614,0.535434,0.0005,,,,,0,gru
281,995792,-37.9602,-115.8689,3955,0,0,1,0,0.6166,1.805,collision,3689.3,0.037353,0.459534,-0.890907,0.891428,3.173695,1.536007,0.065496,5.963174,0.454546,0.450975,-0.830165,1.0,,,,,,,,,,,,,0,gru
282,999054,699.2161,-19.73,3262,1,1,0,0,0.2962,1.804,goal,3701.5,0.00313,0.46551,-0.884723,0.889364,3.167688,1.518189,0.06463,5.954978,0.495168,0.443417,-0.446157,1.0,,,,,,,,,,,,,0,gru
283,1002056,-527.6702,-46.3205,3002,0,0,1,0,2.6589,1.782,collision,3712.8,0.021902,0.461696,-0.890599,0.875175,3.085336,1.515372,0.099331,5.953725,0.455147,0.449581,-0.737219,1.0,,,,,,,,,,,,,0,gru
284,1005245,707.0091,72.211,3189,1,1,0,0,0.2924,1.825,goal,3726.6,0.013107,0.460812,-0.882396,0.887906,3.20732,1.500502,0.085671,5.956357,0.499272,0.440006,-0.382687,1.0,-0.036141,2.984967,2.260683,0.009831,2.143662,0.120791,0.57342,0.0005,,,,,0,gru
285,1008132,-512.6712,-44.2133,2887,0,0,1,0,2.7622,1.817,collision,3737.5,0.022139,0.460963,-0.893414,0.889857,3.20199,1.510084,0.067159,5.947461,0.456051,0.451062,-0.754585,1.010473,,,,,,,,,,,,,0,gru
286,1011331,732.8828,49.7415,3199,1,1,0,0,0.298,1.817,goal,3749.6,0.002144,0.460147,-0.886157,0.890887,3.169408,1.512713,0.10205,5.946937,0.502369,0.435043,-0.299189,1.0,,,,,,,,,,,,,0,gru
287,1015179,-402.521,62.6953,3848,0,0,1,0,1.1653,1.832,collision,3764.3,0.020425,0.459041,-0.878393,0.878759,3.23766,1.509194,0.066866,5.976769,0.445178,0.465015,-0.999982,1.0,,,,,,,,,,,,,0,gru
288,1019047,-186.5539,59.6149,3868,0,0,1,0,0.8759,1.824,collision,3780.5,0.033201,0.46469,-0.888643,0.893959,3.261492,1.500013,0.061578,5.945145,0.467025,0.438297,-0.752006,1.0,-0.029784,1.99978,2.262406,0.009828,1.473045,0.098303,0.514882,0.0005,,,,,0,gru
289,1022880,-413.6038,-53.0863,3833,0,0,1,0,1.2644,1.82,collision,3795.2,0.000962,0.468867,-0.892092,0.886812,3.254919,1.502323,0.038663,5.955203,0.448163,0.460069,-1.0,1.0,,,,,,,,,,,,,0,gru
290,1025747,-512.2241,-45.4096,2867,0,0,1,0,2.6718,1.799,collision,3806.0,0.025064,0.464144,-0.892383,0.883498,3.16924,1.519967,0.053841,5.945153,0.452928,0.452649,-0.848872,1.0,,,,,,,,,,,,,0,gru
291,1029747,-490.9778,-90.7114,4000,0,0,0,1,1.898,1.824,max_steps,3821.0,0.024859,0.458314,-0.88447,0.889806,3.206048,1.525716,0.06355,5.968505,0.444051,0.469824,-0.99872,1.0,,,,,,,,,,,,,0,gru
292,1033019,677.0343,-92.9296,3272,1,1,0,0,0.2865,1.806,goal,3835.1,-0.013584,0.459693,-0.887808,0.889407,3.151985,1.531778,0.041957,5.944146,0.501341,0.435136,-0.707632,1.0,-0.02834,1.78859,2.267377,0.009826,1.137783,0.149082,0.418145,0.0005,,,,,0,gru
293,1036995,-320.0345,-72.166,3976,0,0,1,0,0.9219,1.809,collision,3850.9,0.015383,0.461325,-0.889498,0.887135,3.19453,1.535774,0.056725,5.985881,0.446646,0.461875,-0.992583,1.0,,,,,,,,,,,,,0,gru
294,1040818,-388.9077,-181.7577,3823,0,0,1,0,1.2313,1.817,collision,3865.3,-0.005947,0.45506,-0.882466,0.885163,3.171633,1.500435,0.047531,5.970399,0.45345,0.455159,-1.0,1.0,,,,,,,,,,,,,0,gru
295,1044628,17.3673,-128.7538,3810,0,0,1,0,0.4953,1.788,collision,3883.3,-0.001525,0.464355,-0.886196,0.886582,3.09446,1.528879,0.049463,5.961657,0.457519,0.44713,-1.0,1.0,,,,,,,,,,,,,0,gru
296,1047143,-486.7614,-250.7183,2515,0,0,1,0,2.9814,1.803,collision,3900.7,0.027968,0.460528,-0.883083,0.883996,3.177824,1.529875,0.099321,5.963522,0.445526,0.457859,-0.924029,1.0,0.039133,1.010146,2.265275,0.009824,0.681467,0.248884,0.412761,0.0005,,,,,0,gru
297,1051038,-188.5919,-229.3254,3895,0,0,1,0,0.7884,1.799,collision,3919.6,0.009075,0.466086,-0.884473,0.878116,3.124761,1.512709,0.05338,5.962737,0.452162,0.454205,-1.0,1.007157,,,,,,,,,,,,,0,gru
298,1054952,-310.9214,-241.7621,3914,0,0,1,0,0.9508,1.809,collision,3939.5,0.022572,0.463276,-0.895021,0.88307,3.186824,1.510407,0.071656,5.98475,0.442964,0.464462,-0.996272,1.0,,,,,,,,,,,,,0,gru
299,1058952,-550.325,-255.4342,4000,0,0,0,1,2.3044,1.82,max_steps,3959.7,0.030233,0.466289,-0.878063,0.896872,3.250482,1.509485,0.084743,5.969817,0.417947,0.461602,-1.0,1.0,,,,,,,,,,,,,0,gru
300,1062867,-281.2656,-232.3384,3915,0,0,1,0,0.9075,1.819,collision,3982.1,0.014536,0.46151,-0.88505,0.89135,3.206704,1.510821,0.104223,5.946021,0.450401,0.459117,-0.999963,1.00783,0.037819,0.788646,2.263717,0.009821,0.553582,0.191345,0.442808,0.0005,,,,,0,gru
301,1066867,-466.3787,-229.8785,4000,0,0,0,1,1.5772,1.819,max_steps,4001.3,0.002521,0.464668,-0.877472,0.888703,3.215872,1.497769,0.03618,5.968077,0.448602,0.46448,-1.0,1.009932,,,,,,,,,,,,,0,gru
302,1070867,-361.8325,-333.7651,4000,0,0,0,1,1.2182,1.797,max_steps,4016.5,0.004284,0.470347,-0.876556,0.872637,3.190043,1.52148,0.068356,5.942817,0.485234,0.424668,-0.560867,1.002253,,,,,,,,,,,,,0,gru
303,1073513,-491.3067,-350.8923,2646,0,0,1,0,2.8929,1.812,collision,4026.5,0.026958,0.463449,-0.897076,0.887841,3.176563,1.506061,0.101674,5.960811,0.450722,0.454031,-0.845468,1.0,,,,,,,,,,,,,0,gru
304,1077513,-503.2099,-362.3226,4000,0,0,0,1,1.6741,1.81,max_steps,4043.4,-0.000146,0.457349,-0.888777,0.890883,3.155998,1.517476,0.031185,5.955468,0.482196,0.435085,-0.550102,1.0,0.027271,0.56296,2.270158,0.009819,0.334474,0.158823,0.395111,0.0005,,,,,0,gru
305,1081397,-392.6389,-403.3232,3884,0,0,1,0,1.1427,1.821,collision,4058.0,0.009709,0.462654,-0.879586,0.885809,3.229211,1.524938,0.109104,5.953653,0.482769,0.424522,-0.5809,1.0,,,,,,,,,,,,,0,gru
306,1085397,-497.4991,-404.397,4000,0,0,0,1,1.7254,1.819,max_steps,4073.2,0.001074,0.467967,-0.876381,0.885794,3.265244,1.526941,0.061814,5.971406,0.451702,0.467469,-1.0,1.000897,,,,,,,,,,,,,0,gru
307,1088681,713.0895,-314.2288,3284,1,1,0,0,0.2961,1.789,goal,4085.4,0.017121,0.463146,-0.892844,0.887154,3.097072,1.53723,0.026434,5.970318,0.494353,0.446332,-0.410803,1.0,,,,,,,,,,,,,0,gru
308,1091946,700.8937,-213.0473,3265,1,1,0,0,0.2892,1.793,goal,4099.6,0.032772,0.456649,-0.885306,0.889713,3.1081,1.541349,0.029917,5.9889,0.48967,0.451084,-0.486897,1.0,-0.036449,2.575687,2.266461,0.009816,1.911476,0.185282,0.558936,0.0005,,,,,0,gru
309,1095257,712.3989,-86.7749,3311,1,1,0,0,0.2947,1.781,goal,4112.2,0.019273,0.464244,-0.886939,0.875545,3.117527,1.548298,0.023883,5.956217,0.502241,0.437191,-0.536543,1.0,,,,,,,,,,,,,0,gru
310,1099257,-378.6473,-96.5131,4000,0,0,0,1,1.221,1.831,max_steps,4127.3,-0.011572,0.46241,-0.894281,0.891836,3.256619,1.495306,0.063378,5.974994,0.489768,0.424636,-0.624445,1.001302,,,,,,,,,,,,,0,gru
311,1103251,-54.1046,-55.2857,3994,0,0,1,0,0.6294,1.799,collision,4142.2,0.039026,0.465578,-0.886399,0.889736,3.145779,1.526644,0.126936,5.987595,0.467135,0.437981,-0.86863,1.0,,,,,,,,,,,,,0,gru
312,1107251,80.0635,-11.0961,4000,0,0,0,1,0.5651,1.78,max_steps,4159.6,0.037374,0.467598,-0.882308,0.89734,3.142493,1.541646,0.05214,5.925317,0.471564,0.436625,-0.851204,1.0,-0.028189,1.699317,2.2667,0.009814,1.291558,0.088473,0.620715,0.0005,,,,,0,gru
313,1111166,-330.931,4.9415,3915,0,0,1,0,1.045,1.797,collision,4174.3,0.004397,0.462979,-0.885777,0.889073,3.166915,1.538774,0.093472,5.972753,0.482773,0.424849,-0.635683,1.0,,,,,,,,,,,,,0,gru
314,1115114,-525.1989,2.7426,3948,0,0,1,0,1.4252,1.805,collision,4189.5,-0.01032,0.470834,-0.889193,0.878581,3.187524,1.524698,0.085322,5.984172,0.452818,0.458804,-1.0,1.0,,,,,,,,,,,,,0,gru
315,1118393,653.12,107.3185,3279,1,1,0,0,0.2767,1.778,goal,4201.8,0.019878,0.466645,-0.885179,0.89225,3.103843,1.536902,0.005487,5.981417,0.496481,0.44329,-0.391094,1.0,,,,,,,,,,,,,0,gru
316,1122393,-550.8874,101.9796,4000,0,0,0,1,2.0649,1.805,max_steps,4218.8,0.004404,0.462509,-0.889546,0.886432,3.178641,1.512459,0.058797,5.961306,0.446818,0.46328,-1.0,1.0,-0.0272,1.517626,2.273423,0.009812,1.094253,0.139412,0.360377,0.0005,,,,,0,gru
317,1126268,38.118,34.4825,3875,0,0,1,0,0.4645,1.763,collision,4233.8,0.034398,0.468057,-0.895616,0.881073,3.101215,1.550687,0.079941,5.965648,0.467715,0.435244,-0.846237,1.0,,,,,,,,,,,,,0,gru
318,1129976,702.083,34.6014,3708,1,1,0,0,0.2967,1.787,goal,4247.8,0.018708,0.467385,-0.894187,0.884464,3.124473,1.51835,0.046448,5.973237,0.471264,0.456055,-0.946282,1.003678,,,,,,,,,,,,,0,gru
319,1133879,-86.4911,-45.2876,3903,0,0,1,0,0.6348,1.783,collision,4262.5,0.017725,0.466943,-0.89705,0.889741,3.100045,1.527382,0.04399,5.940653,0.478243,0.424962,-0.803211,1.0,,,,,,,,,,,,,0,gru
320,1137557,-595.4965,-66.9725,3678,0,0,1,0,2.3152,1.806,collision,4278.6,-0.004787,0.46282,-0.882841,0.882361,3.190466,1.539292,0.099869,5.969739,0.46615,0.438615,-0.699412,1.0,-0.028917,1.797877,2.273393,0.009809,1.246681,0.113035,0.426169,0.0005,,,,,0,gru
321,1140865,707.8197,9.2199,3308,1,1,0,0,0.2994,1.79,goal,4291.0,-0.006187,0.464337,-0.88749,0.893773,3.124176,1.526305,0.073614,5.973483,0.505742,0.43297,-0.357702,1.0,,,,,,,,,,,,,0,gru
322,1144271,682.931,69.5067,3406,1,1,0,0,0.2938,1.782,goal,4303.8,-0.008428,0.468133,-0.888215,0.890535,3.09923,1.530036,0.070244,5.960582,0.507363,0.431828,-0.451585,1.007113,,,,,,,,,,,,,0,gru
323,1148207,-112.518,91.348,3936,0,0,1,0,0.6319,1.782,collision,4318.9,0.000859,0.466945,-0.87743,0.886472,3.122814,1.534464,0.016196,5.921048,0.454591,0.451941,-1.0,1.008473,,,,,,,,,,,,,0,gru
324,1152207,-550.4645,88.8214,4000,0,0,0,1,1.9465,1.793,max_steps,4335.8,-0.030435,0.471823,-0.891899,0.897695,3.206152,1.532972,0.073807,5.980234,0.458534,0.454255,-1.0,1.0,-0.037246,2.582802,2.280422,0.009807,1.870563,0.151932,0.391788,0.0005,,,,,0,gru
325,1155537,675.5172,91.0611,3330,1,1,0,0,0.2852,1.777,goal,4348.5,0.007302,0.467929,-0.87924,0.892325,3.099588,1.549251,0.042185,5.952229,0.503248,0.432516,-0.198505,1.0,,,,,,,,,,,,,0,gru
326,1159534,-516.6609,94.4838,3997,0,0,1,0,1.4456,1.788,collision,4363.6,0.008515,0.466379,-0.885869,0.887876,3.154085,1.550944,0.032814,5.946448,0.44627,0.464611,-1.0,1.0,,,,,,,,,,,,,0,gru
327,1162941,689.3441,159.6064,3407,1,1,0,0,0.2995,1.762,goal,4376.4,0.010656,0.472614,-0.890906,0.890366,3.088236,1.549352,0.062181,5.961248,0.486635,0.454028,-0.543493,1.0,,,,,,,,,,,,,0,gru
328,1166123,-542.6441,35.1337,3182,0,0,1,0,2.553,1.797,collision,4390.3,-0.007703,0.465921,-0.895121,0.890054,3.151293,1.526527,0.05727,5.953968,0.445445,0.461925,-1.0,1.001558,-0.035276,2.730193,2.279616,0.009804,1.995058,0.154195,0.374445,0.0005,,,,,0,gru
329,1169371,-538.8659,-10.1038,3248,0,0,1,0,2.5465,1.809,collision,4402.6,0.006264,0.467054,-0.890701,0.895164,3.234161,1.530373,0.046725,5.968117,0.442441,0.461933,-1.0,1.0,,,,,,,,,,,,,0,gru
330,1173241,-10.6866,48.3772,3870,0,0,1,0,0.4947,1.777,collision,4417.1,0.00144,0.46666,-0.888965,0.889909,3.124233,1.560806,0.035944,5.959875,0.457618,0.447176,-1.0,1.003203,,,,,,,,,,,,,0,gru
331,1176354,-529.6891,-75.3737,3113,0,0,1,0,2.6107,1.81,collision,4429.0,0.003207,0.471127,-0.877978,0.881276,3.279449,1.530053,0.087673,5.963567,0.44138,0.462878,-0.999999,1.0,,,,,,,,,,,,,0,gru
332,1180354,-500.9769,-193.7645,4000,0,0,0,1,1.5744,1.808,max_steps,4446.2,0.021989,0.46942,-0.884012,0.892,3.228498,1.531768,0.047285,5.990233,0.478119,0.438932,-0.654952,1.0,0.036545,0.729624,2.278179,0.009802,0.438887,0.277711,0.316398,0.0005,,,,,0,gru
333,1184354,-520.9634,-234.609,4000,0,0,0,1,2.0327,1.804,max_steps,4461.3,0.036391,0.46754,-0.890305,0.885187,3.20673,1.520837,0.09146,5.982633,0.438127,0.467914,-0.995921,1.0,,,,,,,,,,,,,0,gru
334,1188269,13.0,-178.2626,3915,0,0,1,0,0.4827,1.764,collision,4476.0,0.021573,0.469079,-0.88085,0.883902,3.077483,1.560652,0.061779,5.969364,0.471096,0.434515,-0.728589,1.0035,,,,,,,,,,,,,0,gru
335,1191678,-555.4318,-301.3574,3409,0,0,1,0,2.317,1.813,collision,4488.9,0.036007,0.466412,-0.886673,0.884825,3.227643,1.536318,0.078345,5.970352,0.463533,0.447704,-0.730714,1.0,,,,,,,,,,,,,0,gru
336,1194959,740.2901,-175.6623,3281,1,1,0,0,0.2996,1.797,goal,4503.3,0.005953,0.460647,-0.878777,0.886898,3.118956,1.5152,0.054143,5.940071,0.49568,0.439452,-0.288969,1.0,-0.029027,1.757988,2.274957,0.0098,1.269209,0.145467,0.572747,0.0005,,,,,0,gru
337,1198959,-542.4222,-298.839,4000,0,0,0,1,2.3501,1.826,max_steps,4518.4,0.02354,0.465776,-0.885676,0.89157,3.309813,1.534607,0.054132,5.991022,0.421659,0.461829,-1.0,1.0,,,,,,,,,,,,,0,gru
338,1202897,-92.8405,-253.8586,3938,0,0,1,0,0.6303,1.771,collision,4533.2,0.011861,0.468878,-0.886492,0.879065,3.11943,1.56752,0.067418,5.970164,0.451729,0.455311,-1.0,1.010361,,,,,,,,,,,,,0,gru
339,1206767,82.9618,-191.6759,3870,0,0,1,0,0.3117,1.781,collision,4548.0,0.00403,0.467411,-0.883802,0.884017,3.134534,1.545376,0.047452,5.95022,0.480214,0.423686,-0.847106,1.005537,,,,,,,,,,,,,0,gru
340,1210767,52.3879,-185.3684,4000,0,0,0,1,0.4201,1.775,max_steps,4565.1,0.021567,0.465088,-0.882879,0.882832,3.110551,1.557936,0.058522,5.95056,0.448097,0.460458,-1.0,1.008269,0.032315,0.81562,2.274684,0.009797,0.549754,0.264644,0.657011,0.0005,,,,,0,gru
341,1214767,-353.7548,-167.775,4000,0,0,0,1,1.1624,1.817,max_steps,4580.4,0.038709,0.465172,-0.885041,0.887163,3.255876,1.532211,0.063271,5.964709,0.440823,0.469877,-0.986552,1.0,,,,,,,,,,,,,0,gru
342,1218551,-28.6955,-120.5468,3784,0,0,1,0,0.5903,1.775,collision,4594.6,0.005582,0.466383,-0.886513,0.889878,3.125375,1.56465,0.063642,5.931441,0.457414,0.448071,-1.0,1.0,,,,,,,,,,,,,0,gru
343,1221809,708.8189,2.4314,3258,1,1,0,0,0.2954,1.803,goal,4606.8,0.004217,0.462134,-0.878228,0.87841,3.220435,1.550089,0.036067,5.983973,0.503253,0.435967,-0.310872,1.003915,,,,,,,,,,,,,0,gru
344,1224996,716.3498,72.7664,3187,1,1,0,0,0.2936,1.8,goal,4621.2,0.012164,0.467079,-0.879174,0.893362,3.17696,1.539335,0.080464,5.975934,0.498813,0.439157,-0.223329,1.0,-0.035055,2.845549,2.282149,0.009795,1.996464,0.134425,0.563566,0.0005,,,,,0,gru
345,1228996,-507.902,77.5194,4000,0,0,0,1,1.6143,1.807,max_steps,4636.2,0.019454,0.461642,-0.885775,0.884923,3.228933,1.56939,0.034317,5.965687,0.478339,0.438085,-0.596774,1.0,,,,,,,,,,,,,0,gru
346,1232307,736.6013,77.1505,3311,1,1,0,0,0.2993,1.777,goal,4648.6,0.006587,0.469653,-0.884071,0.887319,3.140028,1.567043,0.11748,5.986195,0.498557,0.438726,-0.232264,1.0,,,,,,,,,,,,,0,gru
347,1235671,696.3072,201.0234,3364,1,1,0,0,0.2949,1.785,goal,4661.2,0.023034,0.465592,-0.888138,0.881736,3.14889,1.553857,0.082699,5.948873,0.481196,0.457905,-0.571569,1.0,,,,,,,,,,,,,0,gru
348,1239603,-540.8359,156.2239,3932,0,0,1,0,1.4201,1.819,collision,4678.1,0.020322,0.467636,-0.876376,0.888509,3.30086,1.537623,0.070721,5.949465,0.473929,0.435171,-0.596445,1.0,-0.036307,2.576952,2.279026,0.009792,1.854241,0.194142,0.42506,0.0005,,,,,0,gru
349,1242307,-494.3407,98.4936,2704,0,0,1,0,2.8262,1.799,collision,4688.3,0.019495,0.471858,-0.88266,0.885701,3.230841,1.544694,0.034285,5.95068,0.450683,0.453672,-0.832956,1.0,,,,,,,,,,,,,0,gru
350,1246129,29.4564,96.2005,3822,0,0,1,0,0.4767,1.751,collision,4702.6,0.009442,0.471175,-0.878473,0.889893,3.045813,1.563583,0.032358,5.964952,0.455578,0.448974,-1.0,1.0,,,,,,,,,,,,,0,gru
351,1250129,-556.852,75.8907,4000,0,0,0,1,2.099,1.801,max_steps,4717.6,-0.004693,0.467165,-0.889227,0.888664,3.219519,1.551095,0.064788,5.956006,0.446793,0.459821,-1.0,1.0,,,,,,,,,,,,,0,gru
352,1253649,694.6617,148.2265,3520,1,1,0,0,0.2893,1.754,goal,4733.1,-0.002208,0.472347,-0.883783,0.896651,3.053083,1.560404,0.057449,5.986513,0.506757,0.423403,-0.370402,1.0,-0.029041,1.689637,2.287568,0.00979,1.257861,0.135291,0.50918,0.0005,,,,,0,gru
353,1256850,-532.6567,24.0789,3201,0,0,1,0,2.5133,1.82,collision,4745.2,0.012297,0.471569,-0.888647,0.888811,3.315205,1.537786,0.045348,5.975729,0.464247,0.443772,-0.654038,1.004053,,,,,,,,,,,,,0,gru
354,1260850,-465.7674,-94.1328,4000,0,0,0,1,1.7206,1.801,max_steps,4760.2,0.008187,0.475327,-0.883892,0.893967,3.270376,1.538069,0.027018,5.972046,0.449356,0.466716,-1.0,1.0,,,,,,,,,,,,,0,gru
355,1263993,-531.0145,-96.4441,3143,0,0,1,0,2.6223,1.813,collision,4772.1,0.020127,0.47347,-0.890657,0.893319,3.279666,1.536457,0.117087,5.967684,0.436702,0.463364,-1.0,1.0,,,,,,,,,,,,,0,gru
356,1267245,698.9256,-100.2116,3252,1,1,0,0,0.2883,1.758,goal,4786.2,0.001161,0.472657,-0.891551,0.897083,3.089777,1.573664,0.041216,5.973911,0.504639,0.433395,-0.171909,1.0,-0.029926,1.765867,2.28401,0.009788,1.138207,0.151719,0.357781,0.0005,,,,,0,gru
357,1271245,-497.228,-219.5652,4000,0,0,0,1,1.5235,1.808,max_steps,4801.6,0.019311,0.468956,-0.884568,0.885341,3.267627,1.559844,0.071651,5.957874,0.479157,0.436201,-0.603947,1.0,,,,,,,,,,,,,0,gru
358,1275160,-99.2361,-175.4052,3915,0,0,1,0,0.6404,1.784,collision,4816.3,-0.004578,0.471478,-0.879158,0.88084,3.209625,1.563522,0.061855,5.956589,0.488407,0.417336,-0.539557,1.00662,,,,,,,,,,,,,0,gru
359,1279107,51.5105,-120.82,3947,0,0,1,0,0.3198,1.753,collision,4831.4,-0.007991,0.472792,-0.873979,0.889674,3.087956,1.572385,0.058344,5.960975,0.484342,0.419067,-0.690205,1.00957,,,,,,,,,,,,,0,gru
360,1282982,-312.0233,-154.968,3875,0,0,1,0,1.0472,1.792,collision,4848.1,-0.001929,0.476663,-0.885186,0.88024,3.27502,1.562389,0.041466,5.971393,0.482594,0.424233,-0.489501,1.0,0.036363,0.911181,2.282829,0.009785,0.620859,0.172195,0.636338,0.0005,,,,,0,gru
361,1286982,-438.2903,-143.1118,4000,0,0,0,1,1.4036,1.806,max_steps,4863.2,-0.014014,0.472217,-0.877341,0.883299,3.263428,1.549393,0.061573,5.964627,0.458007,0.454278,-1.0,1.000988,,,,,,,,,,,,,0,gru
362,1290982,-564.7596,-269.054,4000,0,0,0,1,2.4132,1.818,max_steps,4878.6,0.024583,0.470995,-0.888963,0.882316,3.320929,1.555269,0.031889,5.970822,0.410431,0.461474,-1.0,1.004767,,,,,,,,,,,,,0,gru
363,1294982,-203.3987,-236.1282,4000,0,0,0,1,0.7347,1.797,max_steps,4893.7,-0.023014,0.473601,-0.893944,0.886102,3.244253,1.545897,0.038135,5.96107,0.501929,0.418279,-0.629716,1.002716,,,,,,,,,,,,,0,gru
364,1298855,-343.0386,-223.8553,3873,0,0,1,0,1.1173,1.802,collision,4910.6,-0.013482,0.469847,-0.890121,0.880642,3.245352,1.548776,0.057331,5.943551,0.46024,0.450038,-1.0,1.0,0.029405,0.791378,2.285793,0.009783,0.579823,0.135108,0.804701,0.0005,,,,,0,gru
365,1302855,-401.1259,-210.8664,4000,0,0,0,1,1.2985,1.795,max_steps,4925.6,0.005226,0.474354,-0.886457,0.893562,3.25484,1.53728,0.075278,5.959756,0.484975,0.427637,-0.534221,1.009686,,,,,,,,,,,,,0,gru
366,1306686,72.87,-273.472,3831,0,0,1,0,0.3837,1.785,collision,4939.4,0.011585,0.466364,-0.879322,0.892107,3.11995,1.546205,0.107383,5.988757,0.475585,0.426827,-0.819271,1.0,,,,,,,,,,,,,0,gru
367,1310508,85.5227,-215.1969,3822,0,0,1,0,0.3594,1.746,collision,4949.7,0.004988,0.474128,-0.884478,0.888599,3.086136,1.571532,0.045973,5.952678,0.459366,0.444646,-0.999999,1.0,,,,,,,,,,,,,0,gru
368,1313765,707.319,-134.5414,3257,1,1,0,0,0.2907,1.769,goal,4960.6,-0.003006,0.472478,-0.890975,0.886616,3.127736,1.552778,0.048357,5.944375,0.503962,0.433825,-0.258152,1.0,-0.028971,1.900072,2.284067,0.00978,1.187405,0.114898,0.644791,0.0005,,,,,0,gru
369,1317428,-592.5815,-198.9506,3663,0,0,1,0,2.1751,1.82,collision,4970.9,0.016172,0.47207,-0.885142,0.892956,3.322363,1.540203,0.054751,5.974081,0.467064,0.441836,-0.648119,1.0,,,,,,,,,,,,,0,gru
370,1321304,-126.4927,-180.3976,3876,0,0,1,0,0.6494,1.811,collision,4981.4,0.008773,0.471146,-0.885889,0.881097,3.259918,1.537505,0.04119,5.950827,0.448988,0.458553,-1.0,1.001973,,,,,,,,,,,,,0,gru
371,1323915,-505.6312,-187.1317,2611,0,0,1,0,3.0436,1.803,collision,4988.9,0.043603,0.472495,-0.890748,0.882701,3.295833,1.547001,0.011788,5.955169,0.443103,0.462817,-0.938142,1.009616,,,,,,,,,,,,,0,gru
372,1327884,-530.449,-183.7006,3969,0,0,1,0,1.5117,1.818,collision,5001.6,0.017174,0.472219,-0.886683,0.883968,3.305196,1.527177,0.100802,5.976156,0.441448,0.469845,-0.998166,1.0,0.0381,1.020754,2.280785,0.009778,0.650871,0.194291,0.717589,0.0005,,,,,0,gru
373,1331233,748.7026,-88.4905,3349,1,1,0,0,0.2997,1.804,goal,5011.0,-0.005084,0.470264,-0.886238,0.889376,3.255157,1.554632,0.068715,5.95555,0.506147,0.425494,-0.377356,1.0,,,,,,,,,,,,,0,gru
374,1334216,-512.7797,-105.4646,2983,0,0,1,0,2.5882,1.805,collision,5019.2,0.021732,0.476971,-0.884611,0.88969,3.284158,1.542218,0.058403,5.97388,0.457502,0.449288,-0.750125,1.0,,,,,,,,,,,,,0,gru
375,1338216,-494.3213,-114.7841,4000,0,0,0,1,1.5871,1.814,max_steps,5030.4,0.012357,0.470459,-0.888272,0.890084,3.304195,1.55421,0.090633,5.956295,0.476495,0.434262,-0.603946,1.0,,,,,,,,,,,,,0,gru
376,1341960,64.9516,-115.5759,3744,0,0,1,0,0.4009,1.79,collision,5042.5,0.002584,0.476398,-0.885943,0.883685,3.23597,1.542867,0.077887,5.960991,0.461621,0.442648,-1.0,1.0,-0.030331,1.906567,2.288471,0.009776,1.336652,0.118269,0.635641,0.0005,,,,,0,gru
377,1344960,-535.2809,-177.6563,3000,0,0,1,0,2.7428,1.781,collision,5050.8,0.008266,0.480321,-0.892862,0.882581,3.231005,1.575753,0.065847,5.964571,0.435897,0.461833,-1.0,1.0,,,,,,,,,,,,,0,gru
378,1348958,-280.8969,-276.4779,3998,0,0,1,0,0.9337,1.791,collision,5062.9,0.010275,0.47222,-0.880904,0.891828,3.223917,1.560917,0.042983,5.979603,0.482653,0.424474,-0.696772,1.000021,,,,,,,,,,,,,0,gru
